채용제목,회사,근무지,경력,학력,고용형태,상세url,스킬_old,스킬_new,상세게시글id,주요업무,자격요건,우대사항,채용절차,급여,업종,복지 및 혜택
[AX] AI 에이전트&시스템 구축 B2B 영업,㈜에이엑스,서울 서초구 양재대로12길 56  서초 AICT 우수기업센터 A동 405호,경력,학력무관,"정규직 (수습 2개월), 계약직(근무기간 2개월)",https://www.jobkorea.co.kr/Recruit/GI_Read/48418724?Oem_Code=C1&logpath=1&stext=AI+%EC%97%90%EC%9D%B4%EC%A0%84%ED%8A%B8&listno=1&sc=630,,,48418724.0,,,,,회사 내규에 따름 (면접 후 결정),응용 소프트웨어 개발 및 공급업,
AI 에이전트 엔지니어,㈜에스투더블유,경기 성남시 분당구 판교역로192번길 12  3층,경력5년~15년,학력무관,정규직,https://www.jobkorea.co.kr/Recruit/GI_Read/48396374?Oem_Code=C1&logpath=1&stext=AI+%EC%97%90%EC%9D%B4%EC%A0%84%ED%8A%B8&listno=2&sc=630,,,48396374.0,,,,,,시스템 소프트웨어 개발 및 공급업,""
[AX] AI 에이전트 기획 및 아키텍트,㈜에이엑스,서울 서초구 양재대로12길 56  서초 AICT 우수기업센터 A동 405호,경력,학력무관,"정규직 (수습 2개월), 계약직(근무기간 2개월)",https://www.jobkorea.co.kr/Recruit/GI_Read/48418055?Oem_Code=C1&logpath=1&stext=AI+%EC%97%90%EC%9D%B4%EC%A0%84%ED%8A%B8&listno=3&sc=630,,,48418055.0,,,,,회사 내규에 따름 (면접 후 결정),응용 소프트웨어 개발 및 공급업,
AI 에이전트 개발자 정규직 채용,㈜애딥,서울 강남구 테헤란로2길 27  9층,경력,대졸이상,정규직 (수습 3개월),https://www.jobkorea.co.kr/Recruit/GI_Read/48512285?Oem_Code=C1&logpath=1&stext=AI+%EC%97%90%EC%9D%B4%EC%A0%84%ED%8A%B8&listno=4&sc=630,"Langchain, langgraph","Langchain, langgraph",48512285.0,,,,,회사 내규에 따름,,
[플랫폼본부] AX-Tech실 AI 에이전트 엔지니어,㈜넥슨,경기 성남시 분당구 판교로256번길 7  넥슨코리아,경력,학력무관,정규직 (수습 3개월),https://www.jobkorea.co.kr/Recruit/GI_Read/48481370?Oem_Code=C1&logpath=1&stext=AI+%EC%97%90%EC%9D%B4%EC%A0%84%ED%8A%B8&listno=5&sc=630,,,48481370.0,,,"기본우대 장애인, 유관업무 경험자(인턴·알바), 보훈대상자 스마트픽 AD 로그인 하고 비슷한 조건의 AI추천공고를 확인해 보세요! TOP 궁금해요",,회사 내규에 따름,,
[핀테크 스타트업] AI 에이전트 엔지니어 모십니다.,㈜와이에스메타,서울 송파구 법원로 128  B동 1211호,경력,초대졸이상,정규직 (수습 3개월) 직급/직책,https://www.jobkorea.co.kr/Recruit/GI_Read/48447364?Oem_Code=C1&logpath=1&stext=AI+%EC%97%90%EC%9D%B4%EC%A0%84%ED%8A%B8&listno=6&sc=630,,,48447364.0,,"경력 경력 (2년이상) 학력 초대졸이상 스킬 핵심역량 성장지향성 , 계획성 , 성실성 , 성취지향성 , 꼼꼼함 , 스트레스관리 , 윤리의식 , 자존감 , 적응성 , 창의성 , 협동심 , 메타인지",우대전공 이,,"연봉 5,000만원 이상",,
AI 에이전트 개발 및 빌더 채용,㈜솔체인,경남 창원시 의창구 중동중앙로 47  타워동 1902호,경력무관,학력무관,정규직,https://www.jobkorea.co.kr/Recruit/GI_Read/48524694?Oem_Code=C1&logpath=1&stext=AI+%EC%97%90%EC%9D%B4%EC%A0%84%ED%8A%B8&listno=7&sc=630,,,48524694.0,,,,,회사 내규에 따름 (면접 후 결정),,
[서울지사] AI 에이전트 및 워크플로우 엔지니어 모집,㈜인사이트온,서울 금천구 디지털로 178  -,경력무관,대졸이상,정규직,https://www.jobkorea.co.kr/Recruit/GI_Read/48459155?Oem_Code=C1&logpath=1&stext=AI+%EC%97%90%EC%9D%B4%EC%A0%84%ED%8A%B8&listno=8&sc=630,,,48459155.0,,,"기본우대 관련 자격증 보유자, 유관업무 경력자 우대전공 로그인 하고 비슷한 조건의 AI추천공고를 확인해 보세요! TOP 궁금해요",,회사 내규에 따름 (면접 후 결정),,
[부산 / 장기] LLM 기반 RAG 챗봇·AI 에이전트 개발 경력자 채용,㈜디지털엠엔씨,부산 연제구 중앙대로 1001  연산동,경력,대졸이상,계약직 (근무기간 2년),https://www.jobkorea.co.kr/Recruit/GI_Read/48516670?Oem_Code=C1&logpath=1&stext=AI+%EC%97%90%EC%9D%B4%EC%A0%84%ED%8A%B8&listno=9&sc=630,,,48516670.0,,,,,월급 700만원 이상 (면접 후 결정),,
에이전트 서비스(AI Agent) 백엔드 개발자 채용,㈜골든플래닛,서울 강남구 언주로 535  역삼동 662-15,경력,학력무관,정규직 직급/직책,https://www.jobkorea.co.kr/Recruit/GI_Read/48314028?Oem_Code=C1&logpath=1&stext=AI+%EC%97%90%EC%9D%B4%EC%A0%84%ED%8A%B8&listno=10&sc=630,"SQLAlchemy, Langchain, langgraph 스마트픽 AD","SQLAlchemy, Langchain, langgraph 스마트픽 AD",48314028.0,,"경력 경력 (3년이상) 학력 학력무관 스킬 , SQLAlchemy, Langchain, langgraph 스마트픽 AD 로그인 하고 비슷한 조건의 AI추천공고를 확인해 보세요! TOP 궁금해요",,,회사 내규에 따름 (면접 후 결정),,
Hi-Tech 제조 산업을 위한 생성형 AI 플랫폼 및 에이전트 개발 팀장 모집,㈜브릭,경기 성남시 분당구 판교역로 230  삼환하이펙스 B동 309호,경력,대졸이상,정규직 직급/직책,https://www.jobkorea.co.kr/Recruit/GI_Read/48511735?Oem_Code=C1&logpath=1&stext=AI+%EC%97%90%EC%9D%B4%EC%A0%84%ED%8A%B8&listno=11&sc=630,,,48511735.0,,,,,회사 내규에 따름 (면접 후 결정),,
2026년 해커스 교육그룹 수시 채용,㈜해커스어학원,"서울 서초구 서초4동 1316-15 현대성우빌딩 1층, 2층,",신입·경력,고졸이상,"정규직 (직무별 상이, 상세요강 참조) , 계약직 (정규직 전환 가능) , 인턴",https://www.jobkorea.co.kr/Recruit/GI_Read/48517801?Oem_Code=C1&logpath=1&stext=AI+%EC%97%90%EC%9D%B4%EC%A0%84%ED%8A%B8&listno=12&sc=630,,,48517801.0,,,,,"회사 내규에 따름 (면접 후 결정, 직무별 상이)",,
"Cursor AI & No-Code ,바이크코딩 채용 (Cursor,n8n,make)",주식회사 와이씨에프지,서울 성동구 성수이로 70  1.2층,경력,학력무관,정규직 직급/직책,https://www.jobkorea.co.kr/Recruit/GI_Read/48369174?Oem_Code=C1&logpath=1&stext=AI+%EC%97%90%EC%9D%B4%EC%A0%84%ED%8A%B8&listno=13&sc=630,,,48369174.0,,,,,월급 250~400만원 (면접 후 결정),,
[대전] 미래기술 연구 및 서비스 기획 인력 채용,㈜케이쓰리아이,대전 유성구 엑스포로 1  신세계백화점 사이언스타워 16층,경력,대학원(석사)이상,정규직 직급/직책,https://www.jobkorea.co.kr/Recruit/GI_Read/48394042?Oem_Code=C1&logpath=1&stext=AI+%EC%97%90%EC%9D%B4%EC%A0%84%ED%8A%B8&listno=14&sc=630,,,48394042.0,,,,,회사 내규에 따름 (면접 후 결정),,
"[국비지원,교육비 무료] 일본 IT취업 AI활용 클라우드 기반 웹 개발자과정 연수생 모집",제이에스엘인재개발원㈜,대전 중구 계룡로 825   5층 JSL인재개발원,경력무관,학력무관,"연수생/교육생 (교육기간 9개월, (26.03.18~12.9))",https://www.jobkorea.co.kr/Recruit/GI_Read/48479260?Oem_Code=C1&logpath=1&stext=AI+%EC%97%90%EC%9D%B4%EC%A0%84%ED%8A%B8&listno=15&sc=630,,,48479260.0,,,,,"연봉 3,520만원 이상",,""
AI 서비스 B2B 사업개발/영업,㈜딥세일즈,서울 강남구 테헤란로 503  12층,경력,학력무관,정규직 (수습 3개월),https://www.jobkorea.co.kr/Recruit/GI_Read/48168643?Oem_Code=C1&logpath=1&stext=AI+%EC%97%90%EC%9D%B4%EC%A0%84%ED%8A%B8&listno=16&sc=630,Salesforce 스마트픽 AD,Salesforce 스마트픽 AD,48168643.0,,,,,회사 내규에 따름 (면접 후 결정),,
(주)닥터소프트 병역특례(전문연구요원) 모집,㈜닥터소프트,서울 구로구 디지털로26길 43  대륭포스트타워8차 엘305호,경력무관,대학원(석사)이상,"병역특례 (현역, 보충역, 전문연구요원) 직급/직책",https://www.jobkorea.co.kr/Recruit/GI_Read/48463868?Oem_Code=C1&logpath=1&stext=AI+%EC%97%90%EC%9D%B4%EC%A0%84%ED%8A%B8&listno=17&sc=630,아키텍쳐,아키텍쳐,48463868.0,,,"기본우대 관련 자격증 보유자, 유관업무 경력자 우대전공 로그인 하고 비슷한 조건의 AI추천공고를 확인해 보세요! TOP 궁금해요",,회사 내규에 따름 (면접 후 결정),,
2026 각 부문 채용 [VIP 마케팅/마케팅기획/마케팅MD/온라인MD/영업/영업관리/경리회계/CS/창고물류관리,더 프리미엄 마케팅,서울 영등포구 영중로10길 5  클라우드나인빌딩,신입·경력,학력무관,"정규직 , 계약직 , 인턴 (협의)",https://www.jobkorea.co.kr/Recruit/GI_Read/48297776?Oem_Code=C1&logpath=1&stext=AI+%EC%97%90%EC%9D%B4%EC%A0%84%ED%8A%B8&listno=18&sc=630,,,48297776.0,,,"기본우대 영어가능자, 컴퓨터활용능력 우수자, 운전가능자, 엑셀 고급능력 보유자, 관련 학과 전공자, 유관업무 경력자, 즉시출근 가능자, 장기근무 가능자 스마트픽 AD 로그인 하고 비슷한 조건의 AI추천공고를 확인해 보세요! TOP 궁금해요",,회사 내규에 따름 (면접 후 결정),,
[인스파이어] 2026년 상반기 분야별 채용,㈜인스파이어인티그레이티드리조트,인천 중구 공항문화로 127,경력무관,학력무관,정규직,https://www.jobkorea.co.kr/Recruit/GI_Read/48427464?Oem_Code=C1&logpath=1&stext=AI+%EC%97%90%EC%9D%B4%EC%A0%84%ED%8A%B8&listno=19&sc=630,,,48427464.0,,,,,회사 내규에 따름,,
AI엔지니어(AI Agent),㈜에스원,서울 중구,경력무관,대학원(박사)이상,정규직,https://www.jobkorea.co.kr/Recruit/GI_Read/48449514?Oem_Code=C1&logpath=1&stext=AI+%EC%97%90%EC%9D%B4%EC%A0%84%ED%8A%B8&listno=20&sc=630,,,48449514.0,,,,,,,
[한국정보공학] AI 개발 부문 경력직 채용,한국정보공학㈜,경기 성남시 분당구 황새울로359번길 7  8층,경력,대졸이상,정규직,https://www.jobkorea.co.kr/Recruit/GI_Read/48439697?Oem_Code=C1&logpath=1&stext=AI+%EC%97%90%EC%9D%B4%EC%A0%84%ED%8A%B8&listno=21&sc=630,,,48439697.0,,,,,회사 내규에 따름 (면접 후 결정),,
AI 모델/서비스 기획 (경력),네이버클라우드㈜,경기도 성남시 분당구 불정로 6,경력,학력무관,정규직 (협의),https://www.jobkorea.co.kr/Recruit/GI_Read/48442399?Oem_Code=C1&logpath=1&stext=AI+%EC%97%90%EC%9D%B4%EC%A0%84%ED%8A%B8&listno=22&sc=630,,,48442399.0,,,,,회사 내규에 따름,,
프론트엔드 개발자(AI) 경력 채용,한솔PNS㈜ IT서비스 부문,서울 강서구 양천로 570  6층,경력3년,대졸이상,정규직 (수습 3개월),https://www.jobkorea.co.kr/Recruit/GI_Read/48409553?Oem_Code=C1&logpath=1&stext=AI+%EC%97%90%EC%9D%B4%EC%A0%84%ED%8A%B8&listno=23&sc=630,,,48409553.0,,,"기본우대 국가유공자, 장애인, 보훈대상자 로그인 하고 비슷한 조건의 AI추천공고를 확인해 보세요! TOP 궁금해요",,회사 내규에 따름 (면접 후 결정),,
[플랫폼본부] 프랜차이즈시너지그룹 AI 리서치 엔지니어 (AI 어시스턴트),㈜넥슨,경기 성남시 분당구 판교로256번길 7  넥슨코리아,경력,학력무관,정규직 (수습 3개월),https://www.jobkorea.co.kr/Recruit/GI_Read/48424636?Oem_Code=C1&logpath=1&stext=AI+%EC%97%90%EC%9D%B4%EC%A0%84%ED%8A%B8&listno=24&sc=630,,,48424636.0,,,"기본우대 장애인, 유관업무 경험자(인턴·알바), 보훈대상자 스마트픽 AD 로그인 하고 비슷한 조건의 AI추천공고를 확인해 보세요! TOP 궁금해요",,회사 내규에 따름,,
AI 풀스택 개발자 (경력),㈜카카오,경기도 성남시 분당구 백현동 532 카카오 판교 아지트,경력,학력무관,정규직,https://www.jobkorea.co.kr/Recruit/GI_Read/48301938?Oem_Code=C1&logpath=1&stext=AI+%EC%97%90%EC%9D%B4%EC%A0%84%ED%8A%B8&listno=25&sc=630,,,48301938.0,,,,,회사 내규에 따름,,
[라이브본부] AI 엔지니어,㈜넥슨,경기 성남시 분당구 판교로256번길 7  넥슨코리아,경력,학력무관,정규직 (수습 3개월),https://www.jobkorea.co.kr/Recruit/GI_Read/48455722?Oem_Code=C1&logpath=1&stext=AI+%EC%97%90%EC%9D%B4%EC%A0%84%ED%8A%B8&listno=26&sc=630,,,48455722.0,,,"기본우대 장애인, 영어가능자, 일본어가능자, 유관업무 경험자(인턴·알바), 보훈대상자 이",,회사 내규에 따름,,
[플랫폼본부] AI Hub실 AI 엔지니어,㈜넥슨,경기 성남시 분당구 판교로256번길 7  넥슨코리아,경력,학력무관,정규직 (수습 3개월),https://www.jobkorea.co.kr/Recruit/GI_Read/48469775?Oem_Code=C1&logpath=1&stext=AI+%EC%97%90%EC%9D%B4%EC%A0%84%ED%8A%B8&listno=27&sc=630,,,48469775.0,,,"기본우대 장애인, 유관업무 경험자(인턴·알바), 보훈대상자 로그인 하고 비슷한 조건의 AI추천공고를 확인해 보세요! TOP 궁금해요",,회사 내규에 따름,,
해커스교육그룹 [경력] AI풀스택 개발자 채용,㈜해커스어학원,"서울 서초구 서초4동 1316-15 현대성우빌딩 1층, 2층,",신입·경력,학력무관,정규직,https://www.jobkorea.co.kr/Recruit/GI_Read/48405321?Oem_Code=C1&logpath=1&stext=AI+%EC%97%90%EC%9D%B4%EC%A0%84%ED%8A%B8&listno=28&sc=630,,,48405321.0,,,,,회사 내규에 따름 (면접 후 결정),,
GA 본사 AI전략팀 경력직 채용,인카금융서비스㈜,서울특별시 성동구 아차산로 33,경력,학력무관,"계약직 (근무기간 1년, 정규직 전환 가능)",https://www.jobkorea.co.kr/Recruit/GI_Read/48422437?Oem_Code=C1&logpath=1&stext=AI+%EC%97%90%EC%9D%B4%EC%A0%84%ED%8A%B8&listno=29&sc=630,,,48422437.0,,,"기본우대 장애인, 보훈대상자 이",,회사 내규에 따름 (면접 후 결정),,
AI 머신 러닝 엔지니어 (대리급 이상),메타넷디지털㈜,서울 서초구,경력2년~10년,학력무관,정규직,https://www.jobkorea.co.kr/Recruit/GI_Read/48379333?Oem_Code=C1&logpath=1&stext=AI+%EC%97%90%EC%9D%B4%EC%A0%84%ED%8A%B8&listno=31&sc=630,,,48379333.0,,,,,,,
Agentic AI Platform 개발자 (경력),㈜카카오,경기도 성남시 분당구 백현동 532 카카오 판교 아지트,경력,학력무관,정규직,https://www.jobkorea.co.kr/Recruit/GI_Read/48300757?Oem_Code=C1&logpath=1&stext=AI+%EC%97%90%EC%9D%B4%EC%A0%84%ED%8A%B8&listno=32&sc=630,,,48300757.0,,,,,회사 내규에 따름,,
"경력사원 채용(연구개발, 전략기획, IFM, SI영업)",에스원,서울특별시 중구 세종대로7길 25,경력,학력무관,정규직,https://www.jobkorea.co.kr/Recruit/GI_Read/48428391?Oem_Code=C1&logpath=1&stext=AI+%EC%97%90%EC%9D%B4%EC%A0%84%ED%8A%B8&listno=33&sc=630,,,48428391.0,,,"기본우대 장애인, 유관업무 경험자(인턴·알바), 보훈대상자, 박사학위 수여자, 관련 학과 전공자, 유관업무 경력자 스마트픽 AD 로그인 하고 비슷한 조건의 AI추천공고를 확인해 보세요! TOP 궁금해요",,회사 내규에 따름,,
"[서비스개발센터] 경력 개발자, 웹디자이너 채용",㈜동아사이언스,서울 서대문구 충정로 29  10층,경력4년,학력무관,"정규직 (수습 3개월) , 계약직 (근무기간 1년)",https://www.jobkorea.co.kr/Recruit/GI_Read/48493295?Oem_Code=C1&logpath=1&stext=AI+%EC%97%90%EC%9D%B4%EC%A0%84%ED%8A%B8&listno=34&sc=630,,,48493295.0,,,"기본우대 유관업무 경험자(인턴·알바), 관련 학과 전공자 스마트픽 AD 로그인 하고 비슷한 조건의 AI추천공고를 확인해 보세요! TOP 궁금해요",,회사 내규에 따름 (면접 후 결정),,
인공지능(AI) 솔트룩스 - 백엔드 개발자 채용,주식회사 솔트룩스,서울 송파구 올림픽로35길 123,경력,대졸이상,정규직 (수습 3개월),https://www.jobkorea.co.kr/Recruit/GI_Read/48455112?Oem_Code=C1&logpath=1&stext=AI+%EC%97%90%EC%9D%B4%EC%A0%84%ED%8A%B8&listno=35&sc=630,,,48455112.0,,,,,회사 내규에 따름 (면접 후 결정),,
AI 개발자,㈜다날,대한민국 경기도 성남시 분당구 분당로 55 퍼스트타워 9층,경력,초대졸이상,정규직,https://www.jobkorea.co.kr/Recruit/GI_Read/48469835?Oem_Code=C1&logpath=1&stext=AI+%EC%97%90%EC%9D%B4%EC%A0%84%ED%8A%B8&listno=36&sc=630,,,48469835.0,,,,,회사 내규에 따름,,
인공지능(AI) 솔트룩스 - PM,주식회사 솔트룩스,서울 송파구 올림픽로35길 123,경력,대졸이상,정규직 (수습 3개월),https://www.jobkorea.co.kr/Recruit/GI_Read/48374492?Oem_Code=C1&logpath=1&stext=AI+%EC%97%90%EC%9D%B4%EC%A0%84%ED%8A%B8&listno=37&sc=630,,,48374492.0,,,,,회사 내규에 따름 (면접 후 결정),,
[도시락eSIM] 업무자동화 개발·운영 담당자,와이드모바일,서울 서대문구 충정로2가 충정빌딩 6층,경력,학력무관,정규직 (수습 3개월) 직급/직책,https://www.jobkorea.co.kr/Recruit/GI_Read/48489961?Oem_Code=C1&logpath=1&stext=AI+%EC%97%90%EC%9D%B4%EC%A0%84%ED%8A%B8&listno=38&sc=630,,,48489961.0,,,,,회사 내규에 따름 (면접 후 결정),,
2026년 미국 Battery Tech Conference 채용전형 모집 - AI/빅데이터(비전AI),LG에너지솔루션,서울 영등포구 여의대로 108,신입·경력,대학원(석사)이상,정규직,https://www.jobkorea.co.kr/Recruit/GI_Read/48467513?Oem_Code=C1&logpath=1&stext=AI+%EC%97%90%EC%9D%B4%EC%A0%84%ED%8A%B8&listno=39&sc=630,,,48467513.0,,,,,회사 내규에 따름,,
장애인 채용 [도매꾹/도매매 AMD 모집],㈜지앤지커머스,서울 영등포구 국제금융로6길 30  5,경력무관,학력무관,계약직 (근무기간 6개월) 직급/직책,https://www.jobkorea.co.kr/Recruit/GI_Read/48492756?Oem_Code=C1&logpath=1&stext=AI+%EC%97%90%EC%9D%B4%EC%A0%84%ED%8A%B8&listno=40&sc=630,,,48492756.0,,,"기본우대 컴퓨터활용능력 우수자, 유관업무 경험자(인턴·알바), 유관업무 경력자 TOP 궁금해요",,회사 내규에 따름 (면접 후 결정),,
[CDO] AI/빅데이터 연구개발 경력 상시 모집 - 비전AI기술개발,LG에너지솔루션,서울 서초구 양재대로11길 19,경력,대학원(석사)이상,정규직,https://www.jobkorea.co.kr/Recruit/GI_Read/48359125?Oem_Code=C1&logpath=1&stext=AI+%EC%97%90%EC%9D%B4%EC%A0%84%ED%8A%B8&listno=41&sc=630,,,48359125.0,,,,,회사 내규에 따름,,
[플랫폼본부] AI 리서치 사이언티스트 (Image / Video Generation),㈜넥슨,경기 성남시 분당구 판교로256번길 7  넥슨코리아,경력무관,학력무관,정규직 (수습 3개월),https://www.jobkorea.co.kr/Recruit/GI_Read/48196529?Oem_Code=C1&logpath=1&stext=AI+%EC%97%90%EC%9D%B4%EC%A0%84%ED%8A%B8&listno=42&sc=630,,,48196529.0,,,"기본우대 장애인, 유관업무 경험자(인턴·알바), 보훈대상자 로그인 하고 비슷한 조건의 AI추천공고를 확인해 보세요! TOP 궁금해요",,회사 내규에 따름,,
[기술본부] AI 데이터 엔지니어,㈜넥슨,경기 성남시 분당구 판교로256번길 7  넥슨코리아,경력,학력무관,정규직 (수습 3개월),https://www.jobkorea.co.kr/Recruit/GI_Read/48293274?Oem_Code=C1&logpath=1&stext=AI+%EC%97%90%EC%9D%B4%EC%A0%84%ED%8A%B8&listno=43&sc=630,,,48293274.0,,,"기본우대 장애인, 유관업무 경험자(인턴·알바), 보훈대상자 스마트픽 AD 로그인 하고 비슷한 조건의 AI추천공고를 확인해 보세요! TOP 궁금해요",,회사 내규에 따름,,
[그루비] ML Backend Engineer,㈜플래티어,서울 송파구,경력3년~20년,대졸이상,정규직,https://www.jobkorea.co.kr/Recruit/GI_Read/48333794?Oem_Code=C1&logpath=1&stext=AI+%EC%97%90%EC%9D%B4%EC%A0%84%ED%8A%B8&listno=44&sc=630,,,48333794.0,,,,,,,
[메이플스토리] AI 엔지니어,㈜넥슨,경기 성남시 분당구 판교로256번길 7  넥슨코리아,경력,학력무관,정규직,https://www.jobkorea.co.kr/Recruit/GI_Read/48366731?Oem_Code=C1&logpath=1&stext=AI+%EC%97%90%EC%9D%B4%EC%A0%84%ED%8A%B8&listno=45&sc=630,,,48366731.0,,,"기본우대 장애인, 보훈대상자 로그인 하고 비슷한 조건의 AI추천공고를 확인해 보세요! TOP 궁금해요",,회사 내규에 따름,,
[CDO] AI/빅데이터 연구개발 경력 상시 모집,LG에너지솔루션,서울 영등포구 여의대로 108,경력,대졸이상,정규직,https://www.jobkorea.co.kr/Recruit/GI_Read/48354939?Oem_Code=C1&logpath=1&stext=AI+%EC%97%90%EC%9D%B4%EC%A0%84%ED%8A%B8&listno=46&sc=630,,,48354939.0,,,,,회사 내규에 따름,,
"AIR Platform(Backend Developer, 플랫폼 기획) 채용",메가존클라우드㈜,경기 과천시 과천대로7길 74  메가존산학연센터,경력,학력무관,정규직 (수습 3개월),https://www.jobkorea.co.kr/Recruit/GI_Read/48472014?Oem_Code=C1&logpath=1&stext=AI+%EC%97%90%EC%9D%B4%EC%A0%84%ED%8A%B8&listno=47&sc=630,,,48472014.0,,,,,회사 내규에 따름 (면접 후 결정),,
"[AI·빅데이터] AI 엔지니어, R&D, 데이터 사이언티스트, 인프라",㈜엑셈,서울 강서구 마곡중앙8로5길 40  엑셈,경력,대졸이상,정규직 (수습 1개월),https://www.jobkorea.co.kr/Recruit/GI_Read/48489693?Oem_Code=C1&logpath=1&stext=AI+%EC%97%90%EC%9D%B4%EC%A0%84%ED%8A%B8&listno=48&sc=630,,,48489693.0,,,,,회사 내규에 따름,,
AI Agent 개발 테크 리더(차장-이사급),메타넷디지털㈜,"서울 서초구, 서울 마포구",경력5년~20년,학력무관,정규직,https://www.jobkorea.co.kr/Recruit/GI_Read/48379326?Oem_Code=C1&logpath=1&stext=AI+%EC%97%90%EC%9D%B4%EC%A0%84%ED%8A%B8&listno=49&sc=630,,,48379326.0,,,,,,,
(재)씨젠의료재단 네트워크운영 / 엔드포인트보안 전문인력채용,(재)씨젠의료재단,서울 동대문구 답십리로 288,경력,초대졸이상,정규직 (수습 3개월) 직급/직책,https://www.jobkorea.co.kr/Recruit/GI_Read/48484657?Oem_Code=C1&logpath=1&stext=AI+%EC%97%90%EC%9D%B4%EC%A0%84%ED%8A%B8&listno=50&sc=630,,,48484657.0,,,,,회사 내규에 따름,,
AIR 부문 AI 전문 Engineer 채용 (경력),메가존클라우드㈜,경기 과천시 과천대로7길 74,신입·경력,학력무관,정규직 (수습 3개월),https://www.jobkorea.co.kr/Recruit/GI_Read/48508143?Oem_Code=C1&logpath=1&stext=AI+%EC%97%90%EC%9D%B4%EC%A0%84%ED%8A%B8&listno=51&sc=630,,,48508143.0,,,"기본우대 장애인, 영어가능자, 취업보호대상자, 보훈대상자 로그인 하고 비슷한 조건의 AI추천공고를 확인해 보세요! TOP 궁금해요",,회사 내규에 따름 (면접 후 결정),,
2026년 미국 Battery Tech Conference 채용전형 모집,LG에너지솔루션,대전 유성구 문지로 188,신입·경력,대학원(석사)이상,정규직,https://www.jobkorea.co.kr/Recruit/GI_Read/48467357?Oem_Code=C1&logpath=1&stext=AI+%EC%97%90%EC%9D%B4%EC%A0%84%ED%8A%B8&listno=52&sc=630,,,48467357.0,,,,,회사 내규에 따름,,
[도이치모터스㈜] AX실 경력 채용,도이치모터스㈜,"서울 동대문구 답십리동 530-19 도이치모터스빌딩, 12층",신입·경력,대졸이상,"정규직 (수습 6개월) , 계약직 (근무기간 12개월, 정규직 전환 가능) 직급/직책",https://www.jobkorea.co.kr/Recruit/GI_Read/48465310?Oem_Code=C1&logpath=1&stext=AI+%EC%97%90%EC%9D%B4%EC%A0%84%ED%8A%B8&listno=53&sc=630,redash,redash,48465310.0,,,"기본우대 국가유공자, 장애인, 취업보호대상자, 보훈대상자 로그인 하고 비슷한 조건의 AI추천공고를 확인해 보세요! TOP 궁금해요",,회사 내규에 따름 (면접 후 결정),,
AI Platform 엔지니어 모집 공고,인포그랩 유한회사,"경기 성남시 분당구 백현로101번길 17  511호, 512호",경력,대졸이상,정규직,https://www.jobkorea.co.kr/Recruit/GI_Read/48452408?Oem_Code=C1&logpath=1&stext=AI+%EC%97%90%EC%9D%B4%EC%A0%84%ED%8A%B8&listno=55&sc=630,,,48452408.0,,,,,회사 내규에 따름 (면접 후 결정),,
AI DevOps PM(컨설턴트) 모집 공고,인포그랩 유한회사,"경기 성남시 분당구 백현로101번길 17  511호, 512호",경력,대졸이상,정규직,https://www.jobkorea.co.kr/Recruit/GI_Read/48452222?Oem_Code=C1&logpath=1&stext=AI+%EC%97%90%EC%9D%B4%EC%A0%84%ED%8A%B8&listno=56&sc=630,,,48452222.0,,,,,회사 내규에 따름 (면접 후 결정),,
"[비비디글로벌] Java, React.js 개발자 모집(경력)",비비디글로벌㈜,서울 서초구 방배천로8길 5  2층,경력,학력무관,정규직 (수습 3개월) 직급/직책,https://www.jobkorea.co.kr/Recruit/GI_Read/48289449?Oem_Code=C1&logpath=1&stext=AI+%EC%97%90%EC%9D%B4%EC%A0%84%ED%8A%B8&listno=57&sc=630,,,48289449.0,,,,,회사 내규에 따름 (면접 후 결정),,
"[정규직] 밥게이트 AI 번역 엔진 IT 기획자 (LLM, AI Agent)",㈜밥게이트,서울 금천구 두산로 70  A동 609호,경력,학력무관,정규직 (수습 3개월),https://www.jobkorea.co.kr/Recruit/GI_Read/48414777?Oem_Code=C1&logpath=1&stext=AI+%EC%97%90%EC%9D%B4%EC%A0%84%ED%8A%B8&listno=58&sc=630,,,48414777.0,,,,,회사 내규에 따름 (면접 후 결정),,
"AI 대화 분석 및 작성 (태국어) / 전공무관, 국적무관",㈜다이얼로그디자인에이전시,서울 송파구 송파대로 201  A 1014호,신입·경력,대졸이상,계약직 (근무기간 5개월) 직급/직책,https://www.jobkorea.co.kr/Recruit/GI_Read/48430567?Oem_Code=C1&logpath=1&stext=AI+%EC%97%90%EC%9D%B4%EC%A0%84%ED%8A%B8&listno=59&sc=630,,,48430567.0,,,"기본우대 영어가능자, 컴퓨터활용능력 우수자, 엑셀 고급능력 보유자, 문서작성 우수자 외국어 [] 우대전공 로그인 하고 비슷한 조건의 AI추천공고를 확인해 보세요! TOP 궁금해요",,월급 250~280만원 (면접 후 결정),,
"AI 대화 분석 및 작성 (베트남어) / 전공무관, 국적무관",㈜다이얼로그디자인에이전시,서울 송파구 송파대로 201  A 1014호,신입·경력,대졸이상,계약직 (근무기간 5개월) 직급/직책,https://www.jobkorea.co.kr/Recruit/GI_Read/48430520?Oem_Code=C1&logpath=1&stext=AI+%EC%97%90%EC%9D%B4%EC%A0%84%ED%8A%B8&listno=60&sc=630,,,48430520.0,,,"기본우대 영어가능자, 컴퓨터활용능력 우수자, 엑셀 고급능력 보유자, 문서작성 우수자 외국어 [] 우대전공 로그인 하고 비슷한 조건의 AI추천공고를 확인해 보세요! TOP 궁금해요",,월급 250~280만원 (면접 후 결정),,
(병역특례) 증권 AI Agent 엔지니어,㈜씽크풀,서울 영등포구 국제금융로 70  17층,경력,대학원(석사)이상,"정규직 , 병역특례 (전문연구요원) 직급/직책",https://www.jobkorea.co.kr/Recruit/GI_Read/48419334?Oem_Code=C1&logpath=1&stext=AI+%EC%97%90%EC%9D%B4%EC%A0%84%ED%8A%B8&listno=61&sc=630,,,48419334.0,,,,,회사 내규에 따름,,
AI 대화 경험 디자이너 (한국어-US영어 Bilingual) / 유사 경력 종사자,㈜다이얼로그디자인에이전시,서울 송파구 송파대로 201  A 1014호,신입·경력,대졸이상,계약직 (협의) 직급/직책,https://www.jobkorea.co.kr/Recruit/GI_Read/48407315?Oem_Code=C1&logpath=1&stext=AI+%EC%97%90%EC%9D%B4%EC%A0%84%ED%8A%B8&listno=62&sc=630,,,48407315.0,,,"기본우대 영어능통자(원어민수준), 영어권 거주자, 문서작성 우수자, 장기근무 가능자 우대전공",,"연봉 3,500~4,200만원 (면접 후 결정)",,
DevSecOps AI 개발자 모집,㈜에이디알에프코리아,서울 송파구 법원로8길 8  1314호,경력,대졸이상,정규직 직급/직책,https://www.jobkorea.co.kr/Recruit/GI_Read/48464300?Oem_Code=C1&logpath=1&stext=AI+%EC%97%90%EC%9D%B4%EC%A0%84%ED%8A%B8&listno=63&sc=630,"LLM, OpenAPI/Swaffer","LLM, OpenAPI/Swaffer",48464300.0,,"경력 경력 (3년이상) 학력 대졸이상 스킬 , LLM, OpenAPI/Swaffer 핵심역량 계획성 , 성실성 , 꼼꼼함 , 적응성 , 창의성 , 협동심 , 메타인지 , 성장지향성","기본우대 국가유공자, 공모전 입상자, 학점우수(대졸 4.0이상), 영어가능자, 봉사활동 경험, 인근거주자, 컴퓨터활용능력 우수자, 차량소지자, 운전가능자, 통계분석·리서치 능숙자, 프리젠테이션 능력우수자, 유관업무 경험자(인턴·알바), 엑셀 고급능력 보유자, 문서작성 우수자, 포토샵 능숙자, 리더쉽 소유자, 유관업무 경력자(3년), 기숙사 생활가능자, 즉시출근 가능자, 장기근무 가능자 이",,"연봉 5,000만원 이상 (면접 후 결정)",,
[IT기업] LLM 엔지니어,㈜인포유앤컴퍼니,서울 성동구 성수일로 111  311호,경력3년,대졸이상,정규직 (수습 3개월),https://www.jobkorea.co.kr/Recruit/GI_Read/48375086?Oem_Code=C1&logpath=1&stext=AI+%EC%97%90%EC%9D%B4%EC%A0%84%ED%8A%B8&listno=64&sc=630,,,48375086.0,,,,,회사 내규에 따름 (면접 후 결정),,
AE팀 Account Executive,팔레트㈜,서울 강남구,경력3년~10년,대졸이상,정규직 (수습 3개월),https://www.jobkorea.co.kr/Recruit/GI_Read/48517677?Oem_Code=C1&logpath=1&stext=AI+%EC%97%90%EC%9D%B4%EC%A0%84%ED%8A%B8&listno=65&sc=630,,,48517677.0,,,,,,,
"(주)영유진 - 사무, 기획/지원 (경력무관)",㈜영유진,대구 군위군 군위읍 중앙길 124,경력무관,학력무관,정규직 (수습 3개월) 직급/직책,https://www.jobkorea.co.kr/Recruit/GI_Read/48491076?Oem_Code=C1&logpath=1&stext=AI+%EC%97%90%EC%9D%B4%EC%A0%84%ED%8A%B8&listno=66&sc=630,,,48491076.0,,,"기본우대 영어가능자, 중국어가능자, 통계분석·리서치 능숙자, 코딩, AI 에이전트 활용 복리후생 기타 복리후생 점심 제공, 경조휴가 및 경조금, 원거리 교통비 지원, 군위 비연고 주거비 지원, 퇴직연금(DC형,신한), 생일 선물 및 반차 로그인 하고 비슷한 조건의 AI추천공고를 확인해 보세요! TOP 궁금해요",,회사 내규에 따름 (면접 후 결정),,""
AI 서비스 기획 채용,다큐브㈜,서울 영등포구 영신로 220  802호,경력무관,학력무관,"정규직 (수습 3개월) , 계약직 (근무기간 3개월, 정규직 전환 가능)",https://www.jobkorea.co.kr/Recruit/GI_Read/48330133?Oem_Code=C1&logpath=1&stext=AI+%EC%97%90%EC%9D%B4%EC%A0%84%ED%8A%B8&listno=67&sc=630,,,48330133.0,,,,,회사 내규에 따름 (면접 후 결정),,
GIS 데이터 라벨러 채용,코드비전㈜,서울 서대문구 연세로 50  공학원 250B호,경력무관,대졸이상,계약직 (근무기간 3개월),https://www.jobkorea.co.kr/Recruit/GI_Read/48519047?Oem_Code=C1&logpath=1&stext=AI+%EC%97%90%EC%9D%B4%EC%A0%84%ED%8A%B8&listno=68&sc=630,,,48519047.0,,,,,월급 230~230만원,,
[주식회사 로비고스] Backend PM & DevOps 엔지니어 경력 채용,㈜로비고스,서울 금천구 가산디지털1로 204  반도아이비밸리 814호,경력3년,대졸이상,정규직 (수습 3개월) 직급/직책,https://www.jobkorea.co.kr/Recruit/GI_Read/48209069?Oem_Code=C1&logpath=1&stext=AI+%EC%97%90%EC%9D%B4%EC%A0%84%ED%8A%B8&listno=69&sc=630,K8S,K8S,48209069.0,,,,,회사 내규에 따름 (면접 후 결정),,
데이터 분석 (Data Scientist) 채용,㈜에이브랩스,서울 용산구 한강대로30길 25  1101호,신입·경력,학력무관,정규직 (수습 3개월),https://www.jobkorea.co.kr/Recruit/GI_Read/48282538?Oem_Code=C1&logpath=1&stext=AI+%EC%97%90%EC%9D%B4%EC%A0%84%ED%8A%B8&listno=70&sc=630,,,48282538.0,,,,,"연봉 3,800~9,000만원 (면접 후 결정)",,
AI 서비스 플랫폼 백앤드 개발자,㈜지산소프트,서울 구로구 디지털로34길 43  701호,신입·경력,학력무관,정규직 (수습 3개월) 직급/직책,https://www.jobkorea.co.kr/Recruit/GI_Read/48440660?Oem_Code=C1&logpath=1&stext=AI+%EC%97%90%EC%9D%B4%EC%A0%84%ED%8A%B8&listno=71&sc=630,,,48440660.0,,,,,"연봉 3,500~8,000만원 (면접 후 결정)",,
백엔드 개발자 채용,키키코드㈜(KeykyCode,서울 성북구 화랑로 211  208호,경력,학력무관,정규직 (수습 3개월),https://www.jobkorea.co.kr/Recruit/GI_Read/48488927?Oem_Code=C1&logpath=1&stext=AI+%EC%97%90%EC%9D%B4%EC%A0%84%ED%8A%B8&listno=72&sc=630,,,48488927.0,,,자격증 로그인 하고 비슷한 조건의 AI추천공고를 확인해 보세요! TOP 궁금해요,,회사 내규에 따름 (면접 후 결정),,
AI Agent Engineer (전문연구요원 가능),㈜히츠,서울 강남구 테헤란로4길 28  8층,경력무관,대학원(박사)이상,정규직 (수습 3개월),https://www.jobkorea.co.kr/Recruit/GI_Read/48454208?Oem_Code=C1&logpath=1&stext=AI+%EC%97%90%EC%9D%B4%EC%A0%84%ED%8A%B8&listno=73&sc=630,,,48454208.0,,,,,회사 내규에 따름,,
"생성형AI(LLM, RAG) R&D(석사이상)",㈜비전스페이스,서울 강남구 테헤란로 217  3층,경력1년~10년,대학원(석사이상),정규직 (수습 3개월),https://www.jobkorea.co.kr/Recruit/GI_Read/48436528?Oem_Code=C1&logpath=1&stext=AI+%EC%97%90%EC%9D%B4%EC%A0%84%ED%8A%B8&listno=74&sc=630,,,48436528.0,,,,,,,
DevOps 엔지니어 (FDE) 모집 공고,인포그랩 유한회사,"경기 성남시 분당구 백현로101번길 17  511호, 512호",경력,학력무관,정규직,https://www.jobkorea.co.kr/Recruit/GI_Read/48452312?Oem_Code=C1&logpath=1&stext=AI+%EC%97%90%EC%9D%B4%EC%A0%84%ED%8A%B8&listno=75&sc=630,,,48452312.0,,,자격증 로그인 하고 비슷한 조건의 AI추천공고를 확인해 보세요! TOP 궁금해요,,회사 내규에 따름 (면접 후 결정),,
"마케팅, 기획 및 BM 설계 채용 공고",플로트㈜,서울 성동구 성수일로12가길 12-7  2층,경력,학력무관,"정규직 (협의) , 계약직 (협의, 정규직 전환 가능) , 인턴 (협의, 정규직 전환 가능) 직급/직책",https://www.jobkorea.co.kr/Recruit/GI_Read/48404828?Oem_Code=C1&logpath=1&stext=AI+%EC%97%90%EC%9D%B4%EC%A0%84%ED%8A%B8&listno=76&sc=630,,,48404828.0,,,,,"연봉 4,000만원 이상 (면접 후 결정)",,
연구행정 담당자 채용(경력 3년 이상),코드비전㈜,서울 서대문구 연세로 50  연세대학교 공학원 242호,경력3년,대졸이상,계약직 (근무기간 3개월),https://www.jobkorea.co.kr/Recruit/GI_Read/48360301?Oem_Code=C1&logpath=1&stext=AI+%EC%97%90%EC%9D%B4%EC%A0%84%ED%8A%B8&listno=77&sc=630,,,48360301.0,,,,,월급 300~300만원,,
DE Language DATA Reviewer / 유사 경력 종사자 (독일어필수),㈜다이얼로그디자인에이전시,서울 송파구 송파대로 201  A 1014호,신입·경력\,대졸이상,"정규직 (협의) , 계약직 (협의, 정규직 전환 가능) 직급/직책",https://www.jobkorea.co.kr/Recruit/GI_Read/48456191?Oem_Code=C1&logpath=1&stext=AI+%EC%97%90%EC%9D%B4%EC%A0%84%ED%8A%B8&listno=78&sc=630,,,48456191.0,,,"기본우대 독일어가능자, 문서작성 우수자, 즉시출근 가능자, 장기근무 가능자 외국어 [ ] 3점(급) 이상 [ ] 5점(급) 이상 우대전공 이",,회사 내규에 따름 (면접 후 결정),,
AI 영상 자동화 SaaS 플랫폼 풀스택 개발자 (MVP 중심),㈜와이디엠씨엔,경기 화성시 병점노을5로 20  골든스퀘어 2차 4층 YDMCN,경력,학력무관,"정규직 , 계약직 (근무기간 3개월, 정규직 전환 가능)",https://www.jobkorea.co.kr/Recruit/GI_Read/48493778?Oem_Code=C1&logpath=1&stext=AI+%EC%97%90%EC%9D%B4%EC%A0%84%ED%8A%B8&listno=79&sc=630,,,48493778.0,,,,,"연봉 6,000~8,500만원",,
JH솔루션(주) 개발본부 프론트엔드 개발자 채용,㈜제이에이치솔루션,서울 금천구 가산디지털2로 135  1동 1701~1703호,경력,대졸이상,정규직 (수습 3개월),https://www.jobkorea.co.kr/Recruit/GI_Read/48493142?Oem_Code=C1&logpath=1&stext=AI+%EC%97%90%EC%9D%B4%EC%A0%84%ED%8A%B8&listno=80&sc=630,,,48493142.0,,,,,회사 내규에 따름 (면접 후 결정),,
[대화형AI기업] LLM 엔지니어 (경력),㈜라피치,서울 강남구 도곡로8길 6  5층,경력,대졸이상,정규직 (수습 3개월),https://www.jobkorea.co.kr/Recruit/GI_Read/48413417?Oem_Code=C1&logpath=1&stext=AI+%EC%97%90%EC%9D%B4%EC%A0%84%ED%8A%B8&listno=81&sc=630,,,48413417.0,,,우대전공 로그인 하고 비슷한 조건의 AI추천공고를 확인해 보세요! TOP 궁금해요,,회사 내규에 따름 (면접 후 결정),,
JH솔루션(주) 개발본부 백엔드 개발자 채용,㈜제이에이치솔루션,서울 금천구 가산디지털2로 135  1동 1701~1703호,경력,대졸이상,정규직 (수습 3개월),https://www.jobkorea.co.kr/Recruit/GI_Read/48493202?Oem_Code=C1&logpath=1&stext=AI+%EC%97%90%EC%9D%B4%EC%A0%84%ED%8A%B8&listno=82&sc=630,,,48493202.0,,,,,회사 내규에 따름 (면접 후 결정),,
AI 영상 자동화 SaaS 플랫폼 풀스택 개발자 (MVP 중심),야타,경기 화성시 병점노을5로 20  골든스퀘어,경력,학력무관,"정규직 , 계약직 (근무기간 3개월, 정규직 전환 가능)",https://www.jobkorea.co.kr/Recruit/GI_Read/48493686?Oem_Code=C1&logpath=1&stext=AI+%EC%97%90%EC%9D%B4%EC%A0%84%ED%8A%B8&listno=83&sc=630,,,48493686.0,,,,,"연봉 6,000~8,500만원",,
[대화형AI기업] LLM 엔지니어 (전문연구요원 / 병역특례),㈜라피치,서울 강남구 도곡로8길 6  5층,경력무관,대학원(석사)이상,정규직 (수습 3개월),https://www.jobkorea.co.kr/Recruit/GI_Read/48413376?Oem_Code=C1&logpath=1&stext=AI+%EC%97%90%EC%9D%B4%EC%A0%84%ED%8A%B8&listno=84&sc=630,,,48413376.0,,,우대전공 로그인 하고 비슷한 조건의 AI추천공고를 확인해 보세요! TOP 궁금해요,,회사 내규에 따름 (면접 후 결정),,
로봇산업 생성형 AI LLM RAG R&D개발,㈜비전스페이스,서울 강남구 테헤란로 217  3층,경력1년~10년,대졸이상,정규직 (수습 3개월),https://www.jobkorea.co.kr/Recruit/GI_Read/48436522?Oem_Code=C1&logpath=1&stext=AI+%EC%97%90%EC%9D%B4%EC%A0%84%ED%8A%B8&listno=85&sc=630,,,48436522.0,,,,,,,
[카카오 계열사] AI 워크플로우 기획 (Agent Maker),㈜보이스루,서울 강남구 강남대로 374  10층,경력무관,학력무관,정규직 (수습 3개월),https://www.jobkorea.co.kr/Recruit/GI_Read/48221545?Oem_Code=C1&logpath=1&stext=AI+%EC%97%90%EC%9D%B4%EC%A0%84%ED%8A%B8&listno=86&sc=630,,,48221545.0,,,,,회사 내규에 따름 (면접 후 결정),,
[경력] AI 서비스기획자 (컨설턴트),㈜리본홀딩스,서울 송파구 신천동 7-29 향군타워 9층,경력,학력무관,"정규직 (수습 3개월) , 계약직 (근무기간 6개월, 정규직 전환 가능) , 프리랜서 (근무기간 6개월, 정규직 전환 가능) 직급/직책",https://www.jobkorea.co.kr/Recruit/GI_Read/48526288?Oem_Code=C1&logpath=1&stext=AI+%EC%97%90%EC%9D%B4%EC%A0%84%ED%8A%B8&listno=87&sc=630,,,48526288.0,,,"기본우대 컴퓨터활용능력 우수자, 문서작성 우수자 로그인 하고 비슷한 조건의 AI추천공고를 확인해 보세요! TOP 궁금해요",,"연봉 5,000만원 이상 (면접 후 결정)",,
[아이브릭스] AI 웹 서비스 분야 경력 채용 공고,㈜아이브릭스,경기 성남시 분당구 판교로255번길 74  5층,경력1년,대졸이상,정규직 (수습 3개월),https://www.jobkorea.co.kr/Recruit/GI_Read/48486366?Oem_Code=C1&logpath=1&stext=AI+%EC%97%90%EC%9D%B4%EC%A0%84%ED%8A%B8&listno=88&sc=630,,,48486366.0,,,,,회사 내규에 따름,,
"장소 방문 AI 비서 프론트엔드 개발자 모집 (주 8시간 내 파트타임, 재택)",같이가요,서울 광진구 긴고랑로14길 64  지층,경력무관,학력무관,계약직 (근무기간 6개월),https://www.jobkorea.co.kr/Recruit/GI_Read/48478933?Oem_Code=C1&logpath=1&stext=AI+%EC%97%90%EC%9D%B4%EC%A0%84%ED%8A%B8&listno=89&sc=630,,,48478933.0,,,,,"시급 11,000원",,
(주)테라시스디앤씨와 함께 할 웹/SNS 제작물 디자인 직원을 모집합니다.,㈜테라시스디앤씨,경기 남양주시 순화궁로 249  N동 11층 1101~1108호,신입·경력,초대졸이상,정규직 (수습 2개월),https://www.jobkorea.co.kr/Recruit/GI_Read/48487113?Oem_Code=C1&logpath=1&stext=AI+%EC%97%90%EC%9D%B4%EC%A0%84%ED%8A%B8&listno=90&sc=630,,,48487113.0,,,,,회사 내규에 따름 (면접 후 결정),,
2026 GrowMarketing 마케팅.기획.전시/컨퍼런스.VIP이벤트.프로모션.연출,㈜그로우마케팅,서울 강남구 봉은사로37길 35  동궁빌딩 2층,신입·경력,대졸이상,정규직 (수습 2개월) 직급/직책,https://www.jobkorea.co.kr/Recruit/GI_Read/48361226?Oem_Code=C1&logpath=1&stext=AI+%EC%97%90%EC%9D%B4%EC%A0%84%ED%8A%B8&listno=91&sc=630,,,48361226.0,,,"기본우대 컴퓨터활용능력 우수자, 운전가능자, 유관업무 경험자(인턴·알바), 문서작성 우수자, 즉시출근 가능자, 장기근무 가능자 이",,"연봉 2,800~4,000만원 (면접 후 결정)",,
풀스택 개발자 채용,코드비전㈜,서울 서대문구 연세로 50  연세대학교 공학원 242호,신입·경력,대졸이상,"인턴 (근무기간 3개월, 정규직 전환 가능)",https://www.jobkorea.co.kr/Recruit/GI_Read/48508557?Oem_Code=C1&logpath=1&stext=AI+%EC%97%90%EC%9D%B4%EC%A0%84%ED%8A%B8&listno=92&sc=630,,,48508557.0,,,,,회사 내규에 따름 (면접 후 결정),,
[모비데이즈] AI/AX 개발자,㈜모비데이즈,서울 강남구 언주로 417  모비빌딩,신입,학력무관,정규직 (수습 3개월),https://www.jobkorea.co.kr/Recruit/GI_Read/48463130?Oem_Code=C1&logpath=1&stext=AI+%EC%97%90%EC%9D%B4%EC%A0%84%ED%8A%B8&listno=93&sc=630,,,48463130.0,,,,,회사 내규에 따름 (면접 후 결정),,
석박사 인공지능 개발자,코드비전㈜,서울 서대문구 연세로 50  연세대학교 공학원 242호,신입·경력,대학원(석사)이상,"인턴 (근무기간 3개월, 정규직 전환 가능)",https://www.jobkorea.co.kr/Recruit/GI_Read/48508532?Oem_Code=C1&logpath=1&stext=AI+%EC%97%90%EC%9D%B4%EC%A0%84%ED%8A%B8&listno=94&sc=630,,,48508532.0,,,,,회사 내규에 따름 (면접 후 결정),,
[IT기업] 벡엔드 엔지니어(AI Domain),㈜인포유앤컴퍼니,서울 성동구 성수일로 111  311호,경력,대졸이상,정규직 (수습 3개월),https://www.jobkorea.co.kr/Recruit/GI_Read/48375266?Oem_Code=C1&logpath=1&stext=AI+%EC%97%90%EC%9D%B4%EC%A0%84%ED%8A%B8&listno=95&sc=630,,,48375266.0,,,,,회사 내규에 따름 (면접 후 결정),,
AI 마케팅 솔루션 세일즈 및 기획 담당자,팡고지와이㈜,서울 강남구,경력무관,학력무관,정규직 (수습 3개월),https://www.jobkorea.co.kr/Recruit/GI_Read/48423039?Oem_Code=C1&logpath=1&stext=AI+%EC%97%90%EC%9D%B4%EC%A0%84%ED%8A%B8&listno=96&sc=630,,,48423039.0,,,,,,,
2026년 상반기 (주)싸이웍스 신입/경력자 공개 채용,㈜싸이웍스,서울 서초구 바우뫼로37길 11,경력무관,초대졸이상,정규직 (수습 3개월),https://www.jobkorea.co.kr/Recruit/GI_Read/48343110?Oem_Code=C1&logpath=1&stext=AI+%EC%97%90%EC%9D%B4%EC%A0%84%ED%8A%B8&listno=97&sc=630,,,48343110.0,,,"기본우대 관련 학과 전공자, 관련 자격증 보유자, 유관업무 경력자 복리후생 기타 복리후생 명절선물, 생일선물, 야근식대 지원, 야근교통비 지원, 월1회 조기퇴근, 웰컴키트, 인재추천금 제도 스마트픽 AD 로그인 하고 비슷한 조건의 AI추천공고를 확인해 보세요! TOP 궁금해요",,회사 내규에 따름 (면접 후 결정),,"기타 복리후생 명절선물, 생일선물, 야근식대 지원, 야근교통비 지원, 월1회 조기퇴근, 웰컴키트, 인재추천금 제도 스마트픽 AD 로그인 하고 비슷한 조건의 AI추천공고를 확인해 보세요! TOP 궁금해요"
"웹 기반 SaaS 솔루션, AI 연구개발자 채용",㈜에이아이지먼트,"서울 강남구 압구정로10길 27  신영빌딩 5,6층",경력,대졸이상,정규직 직급/직책,https://www.jobkorea.co.kr/Recruit/GI_Read/48316010?Oem_Code=C1&logpath=1&stext=AI+%EC%97%90%EC%9D%B4%EC%A0%84%ED%8A%B8&listno=98&sc=630,"Fastapi, Langchain, RAG","Fastapi, Langchain, RAG",48316010.0,,"경력 경력 (4년이상) 학력 대졸이상 스킬 , Fastapi, Langchain, RAG 핵심역량 계획성 , 성실성 , 협동심 , 메타인지 , 성장지향성 , 성취지향성 , 꼼꼼함 , 스트레스관리 , 윤리의식 , 자존감 , 적응성 , 창의성","기본우대 관련 자격증 보유자, 유관업무 경력자, 즉시출근 가능자 우대전공 이",,회사 내규에 따름 (면접 후 결정),,
프론트엔드 & 백엔드 개발자 채용,코드비전㈜,서울 서대문구 연세로 50  연세대학교 공학원 242호,신입·경력,대졸이상,"인턴 (근무기간 3개월, 정규직 전환 가능)",https://www.jobkorea.co.kr/Recruit/GI_Read/48508542?Oem_Code=C1&logpath=1&stext=AI+%EC%97%90%EC%9D%B4%EC%A0%84%ED%8A%B8&listno=99&sc=630,,,48508542.0,,,,,회사 내규에 따름,,
AI Machine Learning 엔지니어,㈜메타넷엑스,서울 서초구,경력2년~10년,학력무관,정규직,https://www.jobkorea.co.kr/Recruit/GI_Read/48379371?Oem_Code=C1&logpath=1&stext=AI+%EC%97%90%EC%9D%B4%EC%A0%84%ED%8A%B8&listno=100&sc=630,,,48379371.0,,,,,,,
웹디자이너,에스씨301의원,서울 강남구,경력0년~10년,학력무관,정규직 (수습 3개월),https://www.jobkorea.co.kr/Recruit/GI_Read/48410150?Oem_Code=C1&logpath=1&stext=AI+%EC%97%90%EC%9D%B4%EC%A0%84%ED%8A%B8&listno=101&sc=630,,,48410150.0,,,,,,,
언리얼엔진 시뮬레이션 SW 개발,㈜비전스페이스,서울 강남구 테헤란로 217  3층,경력1년~10년,대졸이상,정규직 (수습 3개월),https://www.jobkorea.co.kr/Recruit/GI_Read/48436512?Oem_Code=C1&logpath=1&stext=AI+%EC%97%90%EC%9D%B4%EC%A0%84%ED%8A%B8&listno=102&sc=630,,,48436512.0,,,,,,,
풀스택 특급 개발자 채용 Spring · React.js · AI 자동화,톤즈의원,인천 부평구 경원대로 1395  11층 톤즈 오피스,경력,학력무관,"정규직 , 계약직 (정규직 전환 가능)",https://www.jobkorea.co.kr/Recruit/GI_Read/48393440?Oem_Code=C1&logpath=1&stext=AI+%EC%97%90%EC%9D%B4%EC%A0%84%ED%8A%B8&listno=103&sc=630,,,48393440.0,,,,,회사 내규에 따름 (면접 후 결정),,
AI/블록체인 전문 기업 `오퍼스엠` 경영지원 총괄 (신입/경력),오퍼스엠,경기 성남시 분당구 황새울로351번길 10  5층 504호,경력무관,학력무관,정규직 (수습 3개월) 직급/직책,https://www.jobkorea.co.kr/Recruit/GI_Read/48509621?Oem_Code=C1&logpath=1&stext=AI+%EC%97%90%EC%9D%B4%EC%A0%84%ED%8A%B8&listno=104&sc=630,,,48509621.0,,,"기본우대 프리젠테이션 능력우수자, 문서작성 우수자, 회계프로그램 능숙자, 유관업무 경력자, 즉시출근 가능자 로그인 하고 비슷한 조건의 AI추천공고를 확인해 보세요! TOP 궁금해요",,회사 내규에 따름 (면접 후 결정),,
AI Product Data Manager,Upstage,서울 용인시 수지구,경력3년~10년,학력무관,정규직,https://www.jobkorea.co.kr/Recruit/GI_Read/48278805?Oem_Code=C1&logpath=1&stext=AI+%EC%97%90%EC%9D%B4%EC%A0%84%ED%8A%B8&listno=105&sc=630,,,48278805.0,,,,,,,
온프레미스 AI 플랫폼 개발 연구소 슈퍼스타를 모십니다,두네모㈜,서울 강동구 천호대로 1095  복합상가 3층 301호,경력,대졸이상,정규직 (수습 1개월) 직급/직책,https://www.jobkorea.co.kr/Recruit/GI_Read/48388513?Oem_Code=C1&logpath=1&stext=AI+%EC%97%90%EC%9D%B4%EC%A0%84%ED%8A%B8&listno=106&sc=630,nodejs,nodejs,48388513.0,,,"기본우대 관련 자격증 보유자, 유관업무 경력자(3년) 로그인 하고 비슷한 조건의 AI추천공고를 확인해 보세요! TOP 궁금해요",,"연봉 4,000만원 이상 (면접 후 결정)",,
머신러닝 엔지니어(경력),㈜휴레이포지티브,"대한민국 서울특별시 서초구 강남대로 311, 드림플러스 19층",경력,대졸이상,정규직,https://www.jobkorea.co.kr/Recruit/GI_Read/48173753?Oem_Code=C1&logpath=1&stext=AI+%EC%97%90%EC%9D%B4%EC%A0%84%ED%8A%B8&listno=107&sc=630,,,48173753.0,,,,,회사 내규에 따름,,
AI Agent 개발자,핀다,서울 강남구,경력5년~8년,학력무관,정규직,https://www.jobkorea.co.kr/Recruit/GI_Read/48400937?Oem_Code=C1&logpath=1&stext=AI+%EC%97%90%EC%9D%B4%EC%A0%84%ED%8A%B8&listno=108&sc=630,,,48400937.0,,,,,,,
`올림픽 국가대표급 몰입` AI와 함께 압축 성장할 Product Engineer,㈜탄소중립연구원,서울 관악구 관악로17길 9  라온2차 3층,경력,학력무관,정규직 (수습 3개월),https://www.jobkorea.co.kr/Recruit/GI_Read/48494594?Oem_Code=C1&logpath=1&stext=AI+%EC%97%90%EC%9D%B4%EC%A0%84%ED%8A%B8&listno=109&sc=630,,,48494594.0,,,,,회사 내규에 따름 (면접 후 결정),,
AI Search & RAG Engineer,㈜에스투더블유,경기 성남시 분당구,경력5년~15년,학력무관,정규직,https://www.jobkorea.co.kr/Recruit/GI_Read/48396172?Oem_Code=C1&logpath=1&stext=AI+%EC%97%90%EC%9D%B4%EC%A0%84%ED%8A%B8&listno=110&sc=630,,,48396172.0,,,,,,,
[Hyconsoft] Agentic AI · Robotics 석/박사급 연구원 채용 (정규직),㈜하이콘소프트,서울 강서구 마곡동 757-5 프라이빗타워타워1차 1304호,경력무관,대학원(석사)이상,"정규직 (수습 3개월) , 프리랜서 (근무기간 0개월)",https://www.jobkorea.co.kr/Recruit/GI_Read/48440825?Oem_Code=C1&logpath=1&stext=AI+%EC%97%90%EC%9D%B4%EC%A0%84%ED%8A%B8&listno=111&sc=630,,,48440825.0,,,"기본우대 영어가능자, 인근거주자, 석사학위 수여자, 박사학위 수여자, 유관업무 경력자 로그인 하고 비슷한 조건의 AI추천공고를 확인해 보세요! TOP 궁금해요",,회사 내규에 따름 (면접 후 결정),,
[비에이블컴퍼니 AI 기반 콘텐츠 자동화 플랫폼] 프론트엔드 엔지니어 채용,비에이블컴퍼니,서울 강남구 테헤란로 123  6층,경력2년,대졸이상,정규직 (수습 3개월),https://www.jobkorea.co.kr/Recruit/GI_Read/48431349?Oem_Code=C1&logpath=1&stext=AI+%EC%97%90%EC%9D%B4%EC%A0%84%ED%8A%B8&listno=112&sc=630,,,48431349.0,,,기본우대 유관업무 경력자(2년) 이,,회사 내규에 따름 (면접 후 결정),,
"[정규직, 계약직, 인턴][신입, 경력]AI 개발자/ML 엔지니어 채용",㈜랩큐(LabQ),서울 영등포구 양평로21길 26  2301호,경력무관,초대졸이상,"정규직 (수습 3개월) , 계약직 (근무기간 3개월, 정규직 전환 가능) , 인턴 (근무기간 3개월, 정규직 전환 가능)",https://www.jobkorea.co.kr/Recruit/GI_Read/48367214?Oem_Code=C1&logpath=1&stext=AI+%EC%97%90%EC%9D%B4%EC%A0%84%ED%8A%B8&listno=113&sc=630,LLM,LLM,48367214.0,,,,,회사 내규에 따름,,
식품제조 AX 플랫폼 프로젝트 기술영업 신입 모집(가산),㈜아이제라,서울 금천구 가산디지털1로 171  704호,경력무관,초대졸이상,정규직,https://www.jobkorea.co.kr/Recruit/GI_Read/48355315?Oem_Code=C1&logpath=1&stext=AI+%EC%97%90%EC%9D%B4%EC%A0%84%ED%8A%B8&listno=114&sc=630,,,48355315.0,,,"기본우대 영어가능자, 인근거주자, 차량소지자, 운전가능자, 통계분석·리서치 능숙자, 문서작성 우수자, 리더쉽 소유자, 유관업무 경력자(2년) 이",,회사 내규에 따름 (면접 후 결정),,
식품제조 AX플랫폼 프로젝트 기술영업 경력자 정규 모집(가산/3년- 10년),㈜아이제라,경기 오산시 독산성로 425  623호,경력,초대졸이상,정규직 직급/직책,https://www.jobkorea.co.kr/Recruit/GI_Read/48347977?Oem_Code=C1&logpath=1&stext=AI+%EC%97%90%EC%9D%B4%EC%A0%84%ED%8A%B8&listno=115&sc=630,,,48347977.0,,,"기본우대 영어가능자, 인근거주자, 차량소지자, 운전가능자, 통계분석·리서치 능숙자, 문서작성 우수자, 리더쉽 소유자, 유관업무 경력자(2년) 이",,회사 내규에 따름 (면접 후 결정),,
UX/UI 기획&설계,㈜인터엑스,서울 금천구,경력무관,학력무관,정규직,https://www.jobkorea.co.kr/Recruit/GI_Read/48410263?Oem_Code=C1&logpath=1&stext=AI+%EC%97%90%EC%9D%B4%EC%A0%84%ED%8A%B8&listno=116&sc=630,,,48410263.0,,,,,,,
[클루커스 부산캠퍼스] GEN AI Engineer 모집,㈜클루커스 부산캠퍼스,부산 해운대구 센텀중앙로 55,경력,학력무관,정규직 (수습 3개월),https://www.jobkorea.co.kr/Recruit/GI_Read/48499838?Oem_Code=C1&logpath=1&stext=AI+%EC%97%90%EC%9D%B4%EC%A0%84%ED%8A%B8&listno=117&sc=630,,,48499838.0,,,,,회사 내규에 따름 (면접 후 결정),,
안드로이드 및 iOS 모바일 개발자,㈜예진,서울 송파구 삼학사로1길 54  2층,경력,대졸이상,정규직 (수습 3개월) 직급/직책,https://www.jobkorea.co.kr/Recruit/GI_Read/48506020?Oem_Code=C1&logpath=1&stext=AI+%EC%97%90%EC%9D%B4%EC%A0%84%ED%8A%B8&listno=118&sc=630,,,48506020.0,,,"기본우대 영어가능자, 고용촉진지원금 대상자, 석사학위 수여자, 박사학위 수여자, 관련 학과 전공자, 관련 자격증 보유자, 즉시출근 가능자, 키오스크·POS·IoT 기기와 연동 경험자, 온디바이스 sLM 또는 LLM 서빙 경험 (Whisper, Piper, Core ML 등), Jetpack Compose 또는 SwiftUI 실무 경험자, OpenAI / Claude / Gemini / Grok API 연동 경험자, 스타트업에서 빠르게 MVP 런칭 경험자 이",,회사 내규에 따름 (면접 후 결정),,""
AI 서비스 개발자 채용,엑스솔콥코리아㈜,서울 서초구 강남대로 275  2층,경력,대졸이상,정규직 (수습 3개월) 직급/직책,https://www.jobkorea.co.kr/Recruit/GI_Read/48429987?Oem_Code=C1&logpath=1&stext=AI+%EC%97%90%EC%9D%B4%EC%A0%84%ED%8A%B8&listno=120&sc=630,,,48429987.0,,,기본우대 영어능통자(원어민수준) 로그인 하고 비슷한 조건의 AI추천공고를 확인해 보세요! TOP 궁금해요,,회사 내규에 따름 (면접 후 결정),,
[핀테크/금융/AI/정규] AI / LLM 엔지니어 채용,Fount,서울 중구 남대문로10길 9  14층,경력,학력무관,정규직 (수습 3개월),https://www.jobkorea.co.kr/Recruit/GI_Read/48358145?Oem_Code=C1&logpath=1&stext=AI+%EC%97%90%EC%9D%B4%EC%A0%84%ED%8A%B8&listno=121&sc=630,,,48358145.0,,,,,회사 내규에 따름 (면접 후 결정),,
데이터엔지니어(경력직) 채용,㈜페블러스,세종 집현중앙7로 6  B 618호,경력,대졸이상,"계약직 (근무기간 12개월, 정규직 전환 가능) 직급/직책",https://www.jobkorea.co.kr/Recruit/GI_Read/48446396?Oem_Code=C1&logpath=1&stext=AI+%EC%97%90%EC%9D%B4%EC%A0%84%ED%8A%B8&listno=122&sc=630,,,48446396.0,,,"기본우대 석사학위 수여자, 유관업무 경력자(5년) 이",,회사 내규에 따름 (면접 후 결정),,
Python Backend /AI Application Developer 모집,아이피아,"서울 강남구 역삼로17길 51  B2~2F, 4F",경력,학력무관,정규직 (수습 3개월) 직급/직책,https://www.jobkorea.co.kr/Recruit/GI_Read/48365675?Oem_Code=C1&logpath=1&stext=AI+%EC%97%90%EC%9D%B4%EC%A0%84%ED%8A%B8&listno=123&sc=630,"Claude, LLaVA","Claude, LLaVA",48365675.0,,,,,회사 내규에 따름 (면접 후 결정),,
[병역특례] 뉴로코어 전문연구요원 채용(개발자),㈜뉴로코어,서울 강남구 테헤란로 322  동관 1101호,신입·경력,대학원(석사)이상,병역특례 (전문연구요원),https://www.jobkorea.co.kr/Recruit/GI_Read/48439660?Oem_Code=C1&logpath=1&stext=AI+%EC%97%90%EC%9D%B4%EC%A0%84%ED%8A%B8&listno=124&sc=630,"Reinforcement Learning, Large Language Model(LLM), Data Pipeline / ETL, Version Control (Git), LLM + Retrieval (RAG)","Reinforcement Learning, Large Language Model(LLM), Data Pipeline / ETL, Version Control (Git), LLM + Retrieval (RAG)",48439660.0,,"경력 신입·경력 학력 대학원(석사)이상 (졸업예정자 가능) 스킬 , Reinforcement Learning, Large Language Model(LLM), Data Pipeline / ETL, Version Control (Git), LLM + Retrieval (RAG) 로그인 하고 비슷한 조건의 AI추천공고를 확인해 보세요! TOP 궁금해요",,,회사 내규에 따름,,
[계약직/프리랜서] UI/UX 기획자,㈜피엑스디,서울 중구 퇴계로 126,경력,학력무관,"계약직 (근무기간 5개월) , 프리랜서 (근무기간 5개월)",https://www.jobkorea.co.kr/Recruit/GI_Read/48440585?Oem_Code=C1&logpath=1&stext=AI+%EC%97%90%EC%9D%B4%EC%A0%84%ED%8A%B8&listno=125&sc=630,,,48440585.0,,,,,회사 내규에 따름 (면접 후 결정),,
[AX]제안서 편집 디자이너(Figma) 채용,㈜에이엑스,서울 서초구 양재대로12길 56  서초 AICT 우수기업센터 A동 405호,경력,학력무관,"정규직 (수습 2개월) , 계약직 (근무기간 2개월, 정규직 전환 가능) 직급/직책",https://www.jobkorea.co.kr/Recruit/GI_Read/48212611?Oem_Code=C1&logpath=1&stext=AI+%EC%97%90%EC%9D%B4%EC%A0%84%ED%8A%B8&listno=126&sc=630,,,48212611.0,,,,,회사 내규에 따름 (면접 후 결정),,
Application Security Engineer,㈜라포랩스(Rapport Labs Inc.)),대한민국 서울특별시 강남구 테헤란로98길 8,경력,학력무관,정규직,https://www.jobkorea.co.kr/Recruit/GI_Read/48452486?Oem_Code=C1&logpath=1&stext=AI+%EC%97%90%EC%9D%B4%EC%A0%84%ED%8A%B8&listno=127&sc=630,,,48452486.0,,,,,회사 내규에 따름,,
웹/AI 개발자 (풀스택 리드급 3년 이상),㈜첫장컴퍼니,서울 중구 을지로 55  5층,경력,초대졸이상,정규직 (수습 3개월) 직급/직책,https://www.jobkorea.co.kr/Recruit/GI_Read/48385838?Oem_Code=C1&logpath=1&stext=AI+%EC%97%90%EC%9D%B4%EC%A0%84%ED%8A%B8&listno=128&sc=630,,,48385838.0,,,,,"연봉 4,500~5,500만원 (면접 후 결정)",,
기술지원실 개발팀 팀장 채용,㈜TMD교육그룹,서울 서초구 서초중앙로8길 26  TMD빌딩,경력,학력무관,"정규직 (수습 6개월) , 계약직 (근무기간 6개월, 정규직 전환 가능) 직급/직책",https://www.jobkorea.co.kr/Recruit/GI_Read/48495119?Oem_Code=C1&logpath=1&stext=AI+%EC%97%90%EC%9D%B4%EC%A0%84%ED%8A%B8&listno=129&sc=630,,,48495119.0,,"경력 경력 (5년이상) 학력 학력무관 스킬 복리후생 기타 복리후생 매일아침 모닝바 (토스트, 우유 제공), 연말송년회, 워크샵, 월2회 패밀리데이 조기퇴근 로그인 하고 비슷한 조건의 AI추천공고를 확인해 보세요! TOP 궁금해요",,,회사 내규에 따름 (면접 후 결정),,""
디지털 퍼포먼스 마케터 (AM/팀 리드),클라우드링크㈜,서울 금천구 가산디지털1로 128  1205호,경력,학력무관,정규직 (수습 3개월) 직급/직책,https://www.jobkorea.co.kr/Recruit/GI_Read/48376082?Oem_Code=C1&logpath=1&stext=AI+%EC%97%90%EC%9D%B4%EC%A0%84%ED%8A%B8&listno=130&sc=630,,,48376082.0,,,"기본우대 컴퓨터활용능력 우수자, 프리젠테이션 능력우수자, 문서작성 우수자 이",,"연봉 3,500만원 이상 (면접 후 결정)",,
윈도우 보안 어플리케이션 개발(8년 이상),체크멀,경기 용인시 수지구 신수로 767  U-TOWER A동 1308호,경력,대졸이상,정규직 (수습 3개월),https://www.jobkorea.co.kr/Recruit/GI_Read/48243576?Oem_Code=C1&logpath=1&stext=AI+%EC%97%90%EC%9D%B4%EC%A0%84%ED%8A%B8&listno=131&sc=630,윈도우 시스템 프로그래밍,윈도우 시스템 프로그래밍,48243576.0,,,,,"연봉 6,000~12,000만원 (면접 후 결정)",,
리눅스 보안 어플리케이션 개발(8년 이상),체크멀,경기 용인시 수지구 신수로 767  U-TOWER A동 1308호,경력,대졸이상,정규직 (수습 3개월),https://www.jobkorea.co.kr/Recruit/GI_Read/48243490?Oem_Code=C1&logpath=1&stext=AI+%EC%97%90%EC%9D%B4%EC%A0%84%ED%8A%B8&listno=132&sc=630,시스템프로그래밍,시스템프로그래밍,48243490.0,,,,,"연봉 6,000~12,000만원 (면접 후 결정)",,
[유메이커스] 기술지원실 개발팀 인력(팀장) 채용,㈜유메이커스,서울 서초구 효령로53길 45  2층 201-26호,경력,대졸이상,"정규직 (수습 6개월) , 계약직 (근무기간 6개월, 정규직 전환 가능)",https://www.jobkorea.co.kr/Recruit/GI_Read/48419786?Oem_Code=C1&logpath=1&stext=AI+%EC%97%90%EC%9D%B4%EC%A0%84%ED%8A%B8&listno=133&sc=630,,,48419786.0,,,,,회사 내규에 따름,,
(주)퓨멕스 AI혁신 서비스 기획 및 업무 자동화 담당자 모집합니다,㈜퓨멕스(PUMEX),경기 고양시 일산동구 설문동 796-5 퓨멕스빌딩,경력무관,초대졸이상,정규직 (수습 3개월),https://www.jobkorea.co.kr/Recruit/GI_Read/48485416?Oem_Code=C1&logpath=1&stext=AI+%EC%97%90%EC%9D%B4%EC%A0%84%ED%8A%B8&listno=134&sc=630,,,48485416.0,,,"기본우대 인근거주자, 컴퓨터활용능력 우수자, 유관업무 경험자(인턴·알바), 유관업무 경력자, 즉시출근 가능자, 장기근무 가능자 로그인 하고 비슷한 조건의 AI추천공고를 확인해 보세요! TOP 궁금해요",,회사 내규에 따름 (면접 후 결정),,
[보이스온] 오디오 라이브 크리에이터 모집,㈜소다라이브,서울 강남구 테헤란로 410  11층 A15호,경력무관,학력무관,프리랜서 (근무기간 1년),https://www.jobkorea.co.kr/Recruit/GI_Read/48340265?Oem_Code=C1&logpath=1&stext=AI+%EC%97%90%EC%9D%B4%EC%A0%84%ED%8A%B8&listno=135&sc=630,,,48340265.0,,,"기본우대 유관업무 경험자(인턴·알바), 외국인 로그인 하고 비슷한 조건의 AI추천공고를 확인해 보세요! TOP 궁금해요",,회사 내규에 따름 (면접 후 결정),,
[AX] AI 정부지원사업 총괄 & R&D 전략기획자,㈜에이엑스,서울 서초구 양재대로12길 56  서초 AICT 우수기업센터 A동 405호,경력,학력무관,"정규직 (수습 2개월) , 계약직 (근무기간 2개월, 정규직 전환 가능)",https://www.jobkorea.co.kr/Recruit/GI_Read/48418695?Oem_Code=C1&logpath=1&stext=AI+%EC%97%90%EC%9D%B4%EC%A0%84%ED%8A%B8&listno=136&sc=630,,,48418695.0,,,,,회사 내규에 따름 (면접 후 결정),,
[차봇 모빌리티] PM(서비스 기획자) 모집,차봇 모빌리티㈜,서울 성동구 왕십리로 125  11층,경력,학력무관,정규직 (수습 3개월),https://www.jobkorea.co.kr/Recruit/GI_Read/48377135?Oem_Code=C1&logpath=1&stext=AI+%EC%97%90%EC%9D%B4%EC%A0%84%ED%8A%B8&listno=137&sc=630,,,48377135.0,,,,,회사 내규에 따름 (면접 후 결정),,
현장 관리 Project Manager 경력직 채용,㈜코너스,서울 강남구 테헤란로70길 14-8  A동 10층,경력4년,학력무관,정규직 (수습 3개월) 직급/직책,https://www.jobkorea.co.kr/Recruit/GI_Read/48362821?Oem_Code=C1&logpath=1&stext=AI+%EC%97%90%EC%9D%B4%EC%A0%84%ED%8A%B8&listno=138&sc=630,,,48362821.0,,,"기본우대 운전가능자, 야간근무 가능자, 유관업무 경력자(4년), 즉시출근 가능자, 장기근무 가능자 로그인 하고 비슷한 조건의 AI추천공고를 확인해 보세요! TOP 궁금해요",,"연봉 5,500~6,000만원 (면접 후 결정)",,
멀티 로봇 스케줄링 엔지니어 채용(경력),㈜리보틱스,경기 시흥시 배곧2로 82,경력,대졸이상,정규직 (수습 3개월) 직급/직책,https://www.jobkorea.co.kr/Recruit/GI_Read/48385794?Oem_Code=C1&logpath=1&stext=AI+%EC%97%90%EC%9D%B4%EC%A0%84%ED%8A%B8&listno=139&sc=630,,,48385794.0,,,,,회사 내규에 따름 (면접 후 결정),,
(주)케듀올 AI 개발자,㈜케듀올(Keduall Corp),경기 김포시 태장로 755  316호,경력,학력무관,정규직,https://www.jobkorea.co.kr/Recruit/GI_Read/48374139?Oem_Code=C1&logpath=1&stext=AI+%EC%97%90%EC%9D%B4%EC%A0%84%ED%8A%B8&listno=140&sc=630,,,48374139.0,,,,,회사 내규에 따름 (면접 후 결정),,
"생성형 AI 관제 플랫폼 개발(DT, 로봇)",㈜비전스페이스,서울 강남구 테헤란로 217  3층,경력,대졸이상,"정규직 (수습 3개월) , 계약직 (협의, 정규직 전환 가능) , 프리랜서 (협의, 정규직 전환 가능)",https://www.jobkorea.co.kr/Recruit/GI_Read/48297749?Oem_Code=C1&logpath=1&stext=AI+%EC%97%90%EC%9D%B4%EC%A0%84%ED%8A%B8&listno=141&sc=630,"빅데이터, 인공지능, LLM 스마트픽 AD","빅데이터, 인공지능, LLM 스마트픽 AD",48297749.0,,,,,회사 내규에 따름 (면접 후 결정),,
[독파모]AI리서치엔지니어-LLM포스트트레이닝,Upstage,서울 용인시 수지구,경력1년~10년,학력무관,정규직,https://www.jobkorea.co.kr/Recruit/GI_Read/48279054?Oem_Code=C1&logpath=1&stext=AI+%EC%97%90%EC%9D%B4%EC%A0%84%ED%8A%B8&listno=143&sc=630,,,48279054.0,,,,,,,
AI Agent 개발 테크 리더,㈜메타넷엑스,서울 서초구,경력5년~10년,학력무관,정규직,https://www.jobkorea.co.kr/Recruit/GI_Read/48379367?Oem_Code=C1&logpath=1&stext=AI+%EC%97%90%EC%9D%B4%EC%A0%84%ED%8A%B8&listno=144&sc=630,,,48379367.0,,,,,,,
[시리즈B유치] AI 웹서비스 풀스택 엔지니어,㈜소테리아,경기 성남시 수정구,경력10년~20년,대졸이상,정규직 (수습 3개월),https://www.jobkorea.co.kr/Recruit/GI_Read/48457919?Oem_Code=C1&logpath=1&stext=AI+%EC%97%90%EC%9D%B4%EC%A0%84%ED%8A%B8&listno=145&sc=630,,,48457919.0,,,,,,,
AI 운영·자동화 담당자 (AI Operations & Automation Lead),뉴셀렉트㈜,대한민국 서울특별시 성동구 성수이로 127,경력,학력무관,정규직,https://www.jobkorea.co.kr/Recruit/GI_Read/48415464?Oem_Code=C1&logpath=1&stext=AI+%EC%97%90%EC%9D%B4%EC%A0%84%ED%8A%B8&listno=146&sc=630,,,48415464.0,,,,,회사 내규에 따름,,
심전도 Interface & Connectivity 개발자/엔지니어 채용,㈜알피,경기 성남시 분당구 성남대로331번길 8  14층,경력,학력무관,정규직,https://www.jobkorea.co.kr/Recruit/GI_Read/48482054?Oem_Code=C1&logpath=1&stext=AI+%EC%97%90%EC%9D%B4%EC%A0%84%ED%8A%B8&listno=147&sc=630,"DICOM, HL7","DICOM, HL7",48482054.0,,,,,회사 내규에 따름 (면접 후 결정),,
멀티 로봇 트래픽제어 엔지니어(경력),㈜리보틱스,경기 시흥시 배곧2로 82,경력,대졸이상,정규직 (수습 3개월) 직급/직책,https://www.jobkorea.co.kr/Recruit/GI_Read/48385845?Oem_Code=C1&logpath=1&stext=AI+%EC%97%90%EC%9D%B4%EC%A0%84%ED%8A%B8&listno=148&sc=630,,,48385845.0,,,,,회사 내규에 따름 (면접 후 결정),,
(주)빅스페이먼츠 프론트엔드 개발자 부문 상시 채용,㈜빅스페이먼츠,경기 성남시 분당구 판교로 253  603호 빅스페이먼츠,경력무관,대졸이상,정규직 (수습 3개월) 직급/직책,https://www.jobkorea.co.kr/Recruit/GI_Read/48272635?Oem_Code=C1&logpath=1&stext=AI+%EC%97%90%EC%9D%B4%EC%A0%84%ED%8A%B8&listno=149&sc=630,"erd, KMP/CMP","erd, KMP/CMP",48272635.0,,,"기본우대 유관업무 경험자(인턴·알바), 관련 학과 전공자 우대전공 이",,"연봉 3,200만원 이상 (면접 후 결정)",,
[AI 헬스케어] 전략기획 실장 (CEO Staff Head) 채용,㈜바이오컴,서울 강서구 마곡중앙로 59-17  3층,경력,대졸이상,"정규직 (수습 3개월) , 계약직 (정규직 전환 가능)",https://www.jobkorea.co.kr/Recruit/GI_Read/48434441?Oem_Code=C1&logpath=1&stext=AI+%EC%97%90%EC%9D%B4%EC%A0%84%ED%8A%B8&listno=150&sc=630,,,48434441.0,,,"기본우대 엑셀 고급능력 보유자, 문서작성 우수자, 포토샵 능숙자, 유관업무 경력자(3년) 이",,회사 내규에 따름 (면접 후 결정),,
기획 / 프로젝트 매니저 채용,㈜오투플러스,경기 성남시 수정구 금토로 32  KT 판교빌딩,경력무관,대졸이상,정규직 (수습 3개월),https://www.jobkorea.co.kr/Recruit/GI_Read/48382122?Oem_Code=C1&logpath=1&stext=AI+%EC%97%90%EC%9D%B4%EC%A0%84%ED%8A%B8&listno=151&sc=630,,,48382122.0,,,,,회사 내규에 따름 (면접 후 결정),,
ai 개발 경력자,㈜넥서스커뮤니티,서울 중구,경력3년~10년,학력무관,정규직,https://www.jobkorea.co.kr/Recruit/GI_Read/48479812?Oem_Code=C1&logpath=1&stext=AI+%EC%97%90%EC%9D%B4%EC%A0%84%ED%8A%B8&listno=152&sc=630,,,48479812.0,,,,,,,
용인세브란스병원 디지털헬스케어 및 정신의학 연구원 모집,연세대학교의료원산학협력단,경기 용인시 기흥구 동백죽전대로 363  용인세브란스병원,경력무관,대졸이상,계약직 (협의),https://www.jobkorea.co.kr/Recruit/GI_Read/48318934?Oem_Code=C1&logpath=1&stext=AI+%EC%97%90%EC%9D%B4%EC%A0%84%ED%8A%B8&listno=153&sc=630,"연구비관리시스템 사용 경험자, 연구논문작성, R&D경험자, 종합병원 근무 경험자","연구비관리시스템 사용 경험자, 연구논문작성, R&D경험자, 종합병원 근무 경험자",48318934.0,,"경력 경력무관 학력 대졸이상 스킬 연구비관리시스템 사용 경험자, 연구논문작성, R&D경험자, 종합병원 근무 경험자 로그인 하고 비슷한 조건의 AI추천공고를 확인해 보세요! TOP 궁금해요",,,회사 내규에 따름 (면접 후 결정),,
반도체/전자부품 AI 검사 솔루션 영업,㈜인터엑스,대한민국 서울특별시 금천구 가산디지털1로 171 가산SKV1센터 1001호,경력,학력무관,정규직 직급/직책,https://www.jobkorea.co.kr/Recruit/GI_Read/48485589?Oem_Code=C1&logpath=1&stext=AI+%EC%97%90%EC%9D%B4%EC%A0%84%ED%8A%B8&listno=154&sc=630,,,48485589.0,,,,,회사 내규에 따름 (면접 후 결정),,
백엔드 개발자 채용,지아이웍스,서울 구로구 디지털로 272  101호,경력,학력무관,정규직 (수습 3개월),https://www.jobkorea.co.kr/Recruit/GI_Read/48393484?Oem_Code=C1&logpath=1&stext=AI+%EC%97%90%EC%9D%B4%EC%A0%84%ED%8A%B8&listno=155&sc=630,,,48393484.0,,,,,회사 내규에 따름 (면접 후 결정),,
AI엔지니어 모집(전문연구요원or경력),라온피플㈜,"경기 과천시 과천대로7나길 60  C동 5층, 6층",경력무관,학력무관,정규직 (수습 3개월),https://www.jobkorea.co.kr/Recruit/GI_Read/48484425?Oem_Code=C1&logpath=1&stext=AI+%EC%97%90%EC%9D%B4%EC%A0%84%ED%8A%B8&listno=156&sc=630,,,48484425.0,,,,,"연봉 5,000~8,000만원 (면접 후 결정)",,
AI Agent Engineer,파인더갭㈜,서울 강남구,경력3년~7년,학력무관,정규직,https://www.jobkorea.co.kr/Recruit/GI_Read/48390362?Oem_Code=C1&logpath=1&stext=AI+%EC%97%90%EC%9D%B4%EC%A0%84%ED%8A%B8&listno=157&sc=630,,,48390362.0,,,,,,,
로봇 SW 개발 엔지니어/로봇 AI RAG,㈜비전스페이스,서울 강남구 테헤란로 217  3층,경력2년~10년,대졸이상,정규직 (수습 3개월),https://www.jobkorea.co.kr/Recruit/GI_Read/48436502?Oem_Code=C1&logpath=1&stext=AI+%EC%97%90%EC%9D%B4%EC%A0%84%ED%8A%B8&listno=158&sc=630,,,48436502.0,,,,,,,
[전문연]리서치엔지니어 LLM 포스트트레이닝,Upstage,서울 용인시 수지구,경력1년~10년,대학원(석사)이상,정규직,https://www.jobkorea.co.kr/Recruit/GI_Read/48279003?Oem_Code=C1&logpath=1&stext=AI+%EC%97%90%EC%9D%B4%EC%A0%84%ED%8A%B8&listno=159&sc=630,,,48279003.0,,,,,,,
[SIZL]AI Research,㈜시즐,경기 성남시 수정구 금토로 32  OI Center 409호,경력무관,학력무관,정규직 (수습 3개월),https://www.jobkorea.co.kr/Recruit/GI_Read/48417405?Oem_Code=C1&logpath=1&stext=AI+%EC%97%90%EC%9D%B4%EC%A0%84%ED%8A%B8&listno=160&sc=630,LLM,LLM,48417405.0,,,,,회사 내규에 따름 (면접 후 결정),,
능력 있는 AI/데이터 엔지니어를 모십니다 (경력 2년 이상),㈜로챗,서울 서초구 서초대로 320  10층,경력2년,대졸이상,정규직 (수습 3개월),https://www.jobkorea.co.kr/Recruit/GI_Read/48394248?Oem_Code=C1&logpath=1&stext=AI+%EC%97%90%EC%9D%B4%EC%A0%84%ED%8A%B8&listno=161&sc=630,"LLM, Vertex ai","LLM, Vertex ai",48394248.0,,,,,회사 내규에 따름 (면접 후 결정),,
"[취업연계] AI코딩 백엔드 풀스택 웹개발자 부트캠프(파이썬, 자바)",㈜이젠아카데미,"서울 서초구 서초대로77길 41  5,9,10층",경력무관,학력무관,연수생/교육생 (교육기간 6개월),https://www.jobkorea.co.kr/Recruit/GI_Read/48408353?Oem_Code=C1&logpath=1&stext=AI+%EC%97%90%EC%9D%B4%EC%A0%84%ED%8A%B8&listno=162&sc=630,,,48408353.0,,,,,회사 내규에 따름 (면접 후 결정),,
온라인 Kpop 음반 수출 담당자 모집(수출사무/신입/경력),㈜케이팝에이전트,서울 금천구 디지털로 130  1310호,신입·경력,학력무관,"계약직 (근무기간 2개월, 정규직 전환 가능)",https://www.jobkorea.co.kr/Recruit/GI_Read/48447541?Oem_Code=C1&logpath=1&stext=AI+%EC%97%90%EC%9D%B4%EC%A0%84%ED%8A%B8&listno=163&sc=630,,,48447541.0,,,기본우대 영어가능자 스마트픽 AD 로그인 하고 비슷한 조건의 AI추천공고를 확인해 보세요! TOP 궁금해요,,"연봉 3,000만원 이상 (면접 후 결정)",,
(주)하이-운영 매니저,㈜하이,서울 종로구 삼일대로 428  501호,경력,대졸이상,정규직 (수습 3개월),https://www.jobkorea.co.kr/Recruit/GI_Read/48346841?Oem_Code=C1&logpath=1&stext=AI+%EC%97%90%EC%9D%B4%EC%A0%84%ED%8A%B8&listno=164&sc=630,,,48346841.0,,,기본우대 영어가능자 로그인 하고 비슷한 조건의 AI추천공고를 확인해 보세요! TOP 궁금해요,,"연봉 3,000~5,000만원 (면접 후 결정)",,
"기호랩과 함께할 콘텐츠 마케터, 인플루언서 마케터를 모십니다",㈜기호랩,서울 광진구 아차산로 634  대오빌딩 4층 409호,신입·경력,학력무관,"정규직 (수습 3개월) , 아르바이트 (협의, 정규직 전환 가능) 직급/직책",https://www.jobkorea.co.kr/Recruit/GI_Read/48512625?Oem_Code=C1&logpath=1&stext=AI+%EC%97%90%EC%9D%B4%EC%A0%84%ED%8A%B8&listno=165&sc=630,,,48512625.0,,,,,회사 내규에 따름 (면접 후 결정),,
[뷰어스 사업본부] 프롬프트 엔지니어,㈜패스트뷰,서울 서초구,경력1년~3년,학력무관,정규직 (수습 3개월),https://www.jobkorea.co.kr/Recruit/GI_Read/48373822?Oem_Code=C1&logpath=1&stext=AI+%EC%97%90%EC%9D%B4%EC%A0%84%ED%8A%B8&listno=166&sc=630,,,48373822.0,,,,,,,
[아파트너스] PO(Product Owner)경력 채용 (5년 이상),㈜아파트너스,"서울 금천구 가산디지털1로 149  804호 가산디지털단지역 7번, 8번 출구 도보 5분 거리",경력5년,학력무관,정규직,https://www.jobkorea.co.kr/Recruit/GI_Read/48385993?Oem_Code=C1&logpath=1&stext=AI+%EC%97%90%EC%9D%B4%EC%A0%84%ED%8A%B8&listno=167&sc=630,,,48385993.0,,,,,회사 내규에 따름 (면접 후 결정),,
[뷰어스] 프로덕트 오너 (PO),㈜패스트뷰,서울 서초구,경력5년~13년,학력무관,정규직 (수습 3개월),https://www.jobkorea.co.kr/Recruit/GI_Read/48373170?Oem_Code=C1&logpath=1&stext=AI+%EC%97%90%EC%9D%B4%EC%A0%84%ED%8A%B8&listno=168&sc=630,,,48373170.0,,,,,,,
서비스 운영 매니저,㈜패스트뷰,서울 서초구,경력무관,학력무관,정규직 (수습 3개월),https://www.jobkorea.co.kr/Recruit/GI_Read/48373092?Oem_Code=C1&logpath=1&stext=AI+%EC%97%90%EC%9D%B4%EC%A0%84%ED%8A%B8&listno=169&sc=630,,,48373092.0,,,,,,,
글로벌 서비스 제휴 담당자 (일본),㈜패스트뷰,서울 서초구,경력5년~15년,학력무관,정규직 (수습 3개월),https://www.jobkorea.co.kr/Recruit/GI_Read/48373251?Oem_Code=C1&logpath=1&stext=AI+%EC%97%90%EC%9D%B4%EC%A0%84%ED%8A%B8&listno=170&sc=630,,,48373251.0,,,,,,,
글로벌 서비스 제휴 담당자 (영미권),㈜패스트뷰,서울 서초구,경력5년~15년,학력무관,정규직 (수습 3개월),https://www.jobkorea.co.kr/Recruit/GI_Read/48373238?Oem_Code=C1&logpath=1&stext=AI+%EC%97%90%EC%9D%B4%EC%A0%84%ED%8A%B8&listno=171&sc=630,,,48373238.0,,,,,,,
일어 콘텐츠 운영관리,㈜패스트뷰,서울 서초구,경력1년~3년,학력무관,정규직 (수습 3개월),https://www.jobkorea.co.kr/Recruit/GI_Read/48373209?Oem_Code=C1&logpath=1&stext=AI+%EC%97%90%EC%9D%B4%EC%A0%84%ED%8A%B8&listno=172&sc=630,,,48373209.0,,,,,,,
세일즈포스 CRM마케팅 프로젝트PM,㈜골든플래닛,서울 강남구 언주로 535  역삼동 662-15,경력,대졸이상,정규직 (수습 3개월) 직급/직책,https://www.jobkorea.co.kr/Recruit/GI_Read/48243466?Oem_Code=C1&logpath=1&stext=AI+%EC%97%90%EC%9D%B4%EC%A0%84%ED%8A%B8&listno=173&sc=630,"Salesforce, CDP, Looker Studio, Salesforce Data Lake, 데이터 웨어하우스(DW)","Salesforce, CDP, Looker Studio, Salesforce Data Lake, 데이터 웨어하우스(DW)",48243466.0,,"경력 경력 (6년이상) 학력 대졸이상 스킬 , Salesforce, CDP, Looker Studio, Salesforce Data Lake, 데이터 웨어하우스(DW) 핵심역량 계획성 , 윤리의식 , 성취지향성 , 협동심 , 성장지향성 , 메타인지 , 스트레스관리 , 자존감 , 적응성 , 창의성 , 성실성","기본우대 영어가능자, 통계분석·리서치 능숙자, 프리젠테이션 능력우수자, 문서작성 우수자, 석사학위 수여자, 박사학위 수여자, 관련 자격증 보유자, 유관업무 경력자(5년) 이",,회사 내규에 따름 (면접 후 결정),,
[플랫폼본부] AX-Tech실 AI 에이전트 엔지니어,넥슨,성남시 분당구,경력3년,학력무관,정규직,https://www.gamejob.co.kr/Recruit/GI_Read/View?GI_No=275371,,,,,,,,,,
