,keyword,title,company,location,career,education,work_type,deadline,link,rec_idx,keyword_text,crawled_at,responsibilities,qualifications,preferred_quali,hiring_process,benefits,salary,corp_domain,totaltext
0,AI 에이전트,웹 서비스 개발 경력 사원 채용,(주)루트랩,대구 남구,경력2년↑,학력무관,정규직,~ 02/18(수),https://www.saramin.co.kr/zf_user/jobs/relay/view?view_type=search&rec_idx=52857765&location=ts&searchword=AI+%EC%97%90%EC%9D%B4%EC%A0%84%ED%8A%B8&searchType=search&paid_fl=n&search_uuid=12ebc0de-9d46-4ec4-9fe8-af922641719d,52857765,유지보수 백엔드/서버개발 웹개발 Python 딥러닝,2026-02-02 11:57:42,"Front / Back, End의 Full stack 개발, RESTful API 설계 및 인터페이스 개발, OpenAPI를 이용한 연계 프로그램 개발, RDBMS / No, SQL 구축 및 연계 개발, 웹 서버 구축 및 서비스 운영 모니터, 웹 서비스 개발, 본사 개발본부 부서 소속으로 함께할 예정이에요.","경력 2년 이상, 포트폴리오 필수","End API 개발 유경험자, 컴퓨터/시스템공학, 전기/전자공학, 정보처리(산업)기사, 오픈 소스 탐색 및 활용에 능숙하신 분, Python 활용 Back-End API 개발 유경험자, 딥러닝/머신러닝 지식 보유 및 개발 유경험자, 생성형 AI 관련 개발 (LLM 기반 Agent 개발, RAG 및 파인튜닝) 유경험자","19 10시 ~ 2026, 18 24시","30분 짧은 7.5시간 근무, 근무시간 - 30분 짧은 7.5시간 근무, 졍조사 지원, 간식, 카페인 무한 제공, 분기별 회식, 기념일 축하 선물 (생일/결혼), 안식 휴가 제도 (근속연수에 따라 차증), 도서, 교육비 지원, 5시간 근무",면접 후 결정,시스템 소프트웨어 개발 및 공급업,"웹 서비스 개발
경력 사원 채용
웹 서비스 개발 (0명)
📋 주요업무
• 웹 서비스 개발
- Front / Back-End의 Full stack 개발
- RESTful API 설계 및 인터페이스 개발
- OpenAPI를 이용한 연계 프로그램 개발
- RDBMS / No-SQL 구축 및 연계 개발
- 웹 서버 구축 및 서비스 운영 모니터
 • 본사 개발본부 부서 소속으로 함께할 예정이에요.
📋 자격요건
• 경력 2년 이상
• 학력무관
• 포트폴리오 필수
📋 우대사항
• 컴퓨터/시스템공학, 전기/전자공학
• 정보처리(산업)기사
• 오픈 소스 탐색 및 활용에 능숙하신 분
• Python 활용 Back-End API 개발 유경험자
• 딥러닝/머신러닝 지식 보유 및 개발 유경험자
• 생성형 AI 관련 개발 (LLM 기반 Agent 개발, RAG 및 파인튜닝) 유경험자
🏠 근무조건
• 고용형태 : 정규직(수습 3개월)  
• 급여 : 면접 후 결정 
• 근무지 : 대구 남구 명덕로 104, 동서문화관 308호, 413호 
• 근무요일/시간 : 09:30~18:00 
🎁 복지 및 혜택
• 근무시간 - 30분 짧은 7.5시간 근무
• 자율 연차
• 졍조사 지원
• 간식, 카페인 무한 제공
• 분기별 회식
• 기념일 축하 선물 (생일/결혼)
• 안식 휴가 제도 (근속연수에 따라 차증)
• 도서, 교육비 지원
🚀 채용절차
접수기간 : 2026-01-19 10시 ~ 2026-02-18 24시
제출서류 : 사람인 온라인 이력서, 사람인이력서, 자기소개서(신입) 또는 경력기술서(경력)
접수방법 : 사람인 입사지원
전형절차 : 서류전형 → 1차면접 → 최종합격 
🛎️ 유의사항
• 입사지원 서류에 허위사실이 발견될 경우, 채용확정 이후라도 채용이 취소될 수 있습니다.
• 모집분야별로 마감일이 상이할 수 있으니 유의하시길 바랍니다.

사람인 공고 상세요강 입니다. 사람인(주)의 허가 없이 무단 복사 및 게재를 금합니다. "
1,AI 에이전트,AI 서비스 개발 경력 사원 채용,(주)루트랩,대구 남구,경력2년↑,학력무관,정규직,~ 02/20(금),https://www.saramin.co.kr/zf_user/jobs/relay/view?view_type=search&rec_idx=52882096&location=ts&searchword=AI+%EC%97%90%EC%9D%B4%EC%A0%84%ED%8A%B8&searchType=search&paid_fl=n&search_uuid=12ebc0de-9d46-4ec4-9fe8-af922641719d,52882096,유지보수 백엔드/서버개발 웹개발 Python 딥러닝,2026-02-02 11:57:53,본사 개발본부 부서 소속으로 함께할 예정이에요.,"경력 2년 이상, python 및 자바 기반 서비스 개발 가능 (python 활용 우대), 생성형AI 관련 개발 경험 (LLM 모델 활용, RAG 및 파인튜닝, agent 구축 등), 빅데이터 및 NLP 분야의 개발 경험, 경력 2년 이상으로 해당 직무 수행 경험, 포트폴리오 필수","머신러닝/딥러닝 라이브러리 활용 유경험자, elasticsearch, mongoDB, redis, kafka 사용 유경험자, Kubernetes, Docker 등 컨테이너 환경에 대한 유경험자, 데이터 파이프라인 개발 유경험자, AI관련 서비스 기획 및 설계 유경험자, 컴퓨터/시스템공학, 전기/전자공학, 정보처리(산업)기사","21 09시 ~ 2026, 20 24시","30분 짧은 7.5시간 근무, 근무시간 - 30분 짧은 7.5시간 근무, 졍조사 지원, 간식, 카페인 무한 제공, 분기별 회식, 기념일 축하 선물 (생일/결혼), 안식 휴가 제도 (근속연수에 따라 차증), 도서, 교육비 지원, 5시간 근무",면접 후 결정,시스템 소프트웨어 개발 및 공급업,"AI 서비스
개발 경력 사원 채용
AI 서비스 개발 (0명)
📋 주요업무
LLM 모델 활용 서비스 및 RAG 시스템 구축
AI Agent 시스템 구축
웹 플랫폼 연계 서비스 구축
• 본사 개발본부 부서 소속으로 함께할 예정이에요.
📋 자격요건
• 경력 2년 이상
• 학력무관
• python 및 자바 기반 서비스 개발 가능 (python 활용 우대)
• 생성형AI 관련 개발 경험 (LLM 모델 활용, RAG 및 파인튜닝, agent 구축 등)
• 빅데이터 및 NLP 분야의 개발 경험
• 경력 2년 이상으로 해당 직무 수행 경험
• 포트폴리오 필수
📋 우대사항
• 머신러닝/딥러닝 라이브러리 활용 유경험자
• elasticsearch, mongoDB, redis, kafka 사용 유경험자
• Kubernetes, Docker 등 컨테이너 환경에 대한 유경험자
• 데이터 파이프라인 개발 유경험자
• AI관련 서비스 기획 및 설계 유경험자
• 컴퓨터/시스템공학, 전기/전자공학
• 정보처리(산업)기사
🏠 근무조건
• 고용형태 : 정규직(수습 3개월)  
• 급여 : 면접 후 결정 
• 근무지 : 대구 남구 명덕로 104, 동서문화관 308호, 413호 
• 근무요일/시간 : 09:30~18:00 
🎁 복지 및 혜택
• 근무시간 - 30분 짧은 7.5시간 근무
• 자율 연차
• 졍조사 지원
• 간식, 카페인 무한 제공
• 분기별 회식
• 기념일 축하 선물 (생일/결혼)
• 안식 휴가 제도 (근속연수에 따라 차증)
• 도서, 교육비 지원
🚀 채용절차
접수기간 : 2026-01-21 09시 ~ 2026-02-20 24시
제출서류 : 사람인 온라인 이력서, 사람인이력서, 자기소개서(신입) 또는 경력기술서(경력)
접수방법 : 사람인 입사지원
전형절차 : 서류전형 → 1차면접 → 최종합격 
🛎️ 유의사항
• 입사지원 서류에 허위사실이 발견될 경우, 채용확정 이후라도 채용이 취소될 수 있습니다.
• 모집분야별로 마감일이 상이할 수 있으니 유의하시길 바랍니다.

사람인 공고 상세요강 입니다. 사람인(주)의 허가 없이 무단 복사 및 게재를 금합니다. { = Ii mi TCI FIl hu 씨 Im UkHUM Ia ~ Vr Srwr Im OXM Msba) #Wa MM mI hRaII VNd Mauns 'Aulhty 가무I Mrtlly MURs "
2,AI 에이전트,[Rarelee레어리] Software Engineer,(주)레어리,서울 관악구,경력 2~5년,대졸↑,정규직,~ 02/14(토),https://www.saramin.co.kr/zf_user/jobs/relay/view?view_type=search&rec_idx=52834849&location=ts&searchword=AI+%EC%97%90%EC%9D%B4%EC%A0%84%ED%8A%B8&searchType=search&paid_fl=n&search_uuid=12ebc0de-9d46-4ec4-9fe8-af922641719d,52834849,백엔드/서버개발 웹개발 앱개발 AWS Flutter,2026-02-02 11:58:09,"Beauty가 만들어낸 글로벌 웨이브 위에 있으며, 지금 이 시장은 전례 없는 기회를 열고 있습니다., AI Agent 기반 웹앱 및 모바일 앱 개발 전반 참여, 웹서버앱 전반의 구조를 이해하고 개선, 초기 제품의 기술적 방향성과 안정성에 대한 책임, career@rarelee.co.kr 로 이력서/자기소개서/포트폴리오 전송 or 사람인 접수, 자유 양식, PDF 파일 제출 요망, URL 첨부 가능, 4대 보험, 중식제공, 급여: 경력 및 역량에 따른 협의, 서울시 관악구, 채용 문의: career@rarelee.co.kr, 레어리 홈페이지: https://rarelee.co.kr/, 레어리 유튜브 채널: https://www.youtube.com/@Rarelee/, AI를 접목한 스타일 컨설팅 업계 1위로 성장하고 있는 팀입니다., 패션 산업을 혁신하는 글로벌 AI 서비스를 함께 만들어가는 경험을 하실 수 있습니다., 앱 전반의 구조를 이해하고 개선, 앱 코드베이스를 기반으로 운영 중이며,, 복지 및 연봉, 문의 및 참고, 여정을 만들어 가실 분입니다.","경력 2년 이상 ~ 5년 이하, 대학교졸업(4년)이상, 졸업 예정자 지원가능","Python 사용 경험, AI Agent 아키텍처 설계 및 활용 경험LLM(OpenAI, HuggingFace 등) 및 AI 모델 API 연동 경험, 초기 스타트업 환경에서 주도적으로 제품을 만든 경험","15 14시 ~ 2026, 14 24시",,경력 및 역량에 따른 협의,응용 소프트웨어 개발 및 공급업,"[Rarelee레어리] Software Engineer
JavaScript /React /Next.js/Nod
📋 주요업무
Rarelee는 77만 명 이상의 구독자를 보유한 유튜브 채널에서 출발해,
뷰티·패션·AI를 접목한 스타일 컨설팅 업계 1위로 성장하고 있는 팀입니다.
 “사람마다 다른 얼굴과 체형, 개성에 꼭 맞는 스타일을 제안한다”는 철학을 바탕으로,
AI 기반 맞춤형 스타일링 서비스를 만들어가고 있습니다.
 레어리는 우리를 획일화된 미의 기준에 맞춰 넣기 보다, 나에게 가장 '조화'로운 주관적인 아름다움을 찾기 위해 2017년, 대한민국 최초로 '온라인 스타일 컨설팅'을 시작 했고 독보적인 1위 업체로 자리하고 있습니다.
 현재 Rarelee는 실리콘밸리 프리시드 투자를 유치하며 글로벌 진출을 본격화하고 있습니다.
단순히 뷰티 콘텐츠를 제작하는 것을 넘어, 개인의 고유한 아름다움을 데이터와 기술로 해석하고,
누구나 자신에게 맞는 스타일을 쉽게 찾을 수 있는 시대를 열고자 합니다.
 이번에 찾는 분은 Rarelee의 리드 엔지니어로서,
저희와 함께 제로투원(0 → 1) 여정을 만들어 가실 분입니다.
 초기 단계인 만큼 쉽지 않은 도전이 많겠지만, 
Rarelee의 비전과 시장은
K-Beauty가 만들어낸 글로벌 웨이브 위에 있으며, 지금 이 시장은 전례 없는 기회를 열고 있습니다.
초기 멤버로 합류해, 
뷰티·패션 산업을 혁신하는 글로벌 AI 서비스를 함께 만들어가는 경험을 하실 수 있습니다.
  • 주요업무
- AI Agent 기반 웹앱 및 모바일 앱 개발 전반 참여
- 웹·서버·앱 전반의 구조를 이해하고 개선
- 초기 제품의 기술적 방향성과 안정성에 대한 책임
 현재 서비스는 외주 개발된 웹·앱 코드베이스를 기반으로 운영 중이며,
입사 후 해당 구조를 이해하고 안정화 및 점진적 개선을 함께 진행하게 됩니다.
  • 지원 방법
- career@rarelee.co.kr 로 이력서/자기소개서/포트폴리오 전송 or 사람인 접수
- 자유 양식, PDF 파일 제출 요망, URL 첨부 가능
  • 복지 및 연봉
- 4대 보험, 중식제공
- 급여: 경력 및 역량에 따른 협의
  • 근무위치
- 서울시 관악구
  • 문의 및 참고
- 채용 문의: career@rarelee.co.kr
- 레어리 홈페이지: https://rarelee.co.kr/
- 레어리 유튜브 채널: https://www.youtube.com/@Rarelee/
 최선을 다해 검토한 후 신속히 결과 알려드리도록 하겠습니다. 감사합니다.
📋 자격요건
• 경력 2년 이상 ~ 5년 이하
• 대학교졸업(4년)이상, 졸업 예정자 지원가능
📋 우대사항
- Python 사용 경험
- AI Agent 아키텍처 설계 및 활용 경험LLM(OpenAI, HuggingFace 등) 및 AI 모델 API 연동 경험
- 초기 스타트업 환경에서 주도적으로 제품을 만든 경험
🏠 근무조건
• 고용형태 : 정규직 
• 급여 : 면접 후 결정 
• 근무지 : 서울 관악구 관악로 1 서울대학교, 재택근무 가능 
🚀 채용절차
접수기간 : 2026-01-15 14시 ~ 2026-02-14 24시
제출서류 : 사람인 온라인 이력서
접수방법 : 사람인 입사지원 
전형절차 : 서류전형 → 1차면접 → 2차면접 → 최종합격 
🛎️ 유의사항
• 입사지원 서류에 허위사실이 발견될 경우, 채용확정 이후라도 채용이 취소될 수 있습니다.

사람인 공고 상세요강 입니다. 사람인(주)의 허가 없이 무단 복사 및 게재를 금합니다. "
3,AI 에이전트,[AI플랫폼] 크롤링 전문가,프라이스원,서울 강남구,경력무관,학력무관,정규직,~ 03/28(토),https://www.saramin.co.kr/zf_user/jobs/relay/view?view_type=search&rec_idx=52932943&location=ts&searchword=AI+%EC%97%90%EC%9D%B4%EC%A0%84%ED%8A%B8&searchType=search&paid_fl=n&search_uuid=12ebc0de-9d46-4ec4-9fe8-af922641719d,52932943,Python 딥러닝 머신러닝 빅데이터 크롤링,2026-02-02 11:58:18,,,,"27 11시 ~ 2026, 28 24시",,면접 후 결정,5명 (2025년 기준),"[AI플랫폼] 크롤링 전문가
💡 이런 분이면 더 좋아요
일단 긁히게”보다 “오래 가는 크롤링”을 고민하는 분
사이트 하나 깨지면 왜 깨졌는지 바로 감 잡는 분
로그 보는 걸 귀찮아하지 않는 분
자동화·효율화에 집착 있는 분

[ 주요업무]
-다양한 웹 환경(정적/동적 사이트)에서 데이터 크롤링 설계 및 개발
 -OTA, 커머스, 플랫폼 등 대규모 사이트 크롤링 로직 구축
 -Selenium, Playwright, Puppeteer 등을 활용한 동적 페이지 대응
 -IP 차단, 봇 탐지 우회 구조 설계 (Rate limit, User-Agent, Proxy 등)
 -크롤링 데이터 정제, 구조화 및 저장 (DB, API 연계)
 -크롤링 장애 모니터링 및 유지보수
 -사이트 구조 변경에 따른 크롤러 개선 및 자동화

[자격 요건]
-Python 혹은 Java 기반 크롤링 실무 경험 (필수)
-BeautifulSoup, Scrapy 등 크롤링 라이브러리 사용 경험
-동적 웹 페이지 크롤링 경험 (Selenium / Playwright 등)
-HTML / CSS / JavaScript 구조에 대한 이해
-크롤링 안정성, 속도, 확장성에 대한 고민 경험
-웹 크롤링 관련 실제 운영 경험 보유자

[우대 사항]
-대규모 크롤링 시스템 운영 경험
-Anti-bot, Cloudflare, reCAPTCHA 대응 경험
-프록시 로테이션 / IP 풀 운영 경험
-AWS, GCP 등 클라우드 환경 경험
-Docker, Airflow, Cron 기반 스케줄링 경험
-OTA / 커머스 / 가격 비교 서비스 경험
🏠 근무조건
• 고용형태 : 정규직(수습 3개월) 
• 급여 : 면접 후 결정 
• 근무지 : 서울 강남구 테헤란로84길 13 금원빌딩 
🚀 채용절차
접수기간 : 2026-01-27 11시 ~ 2026-03-28 24시
제출서류 : 사람인 온라인 이력서
접수방법 : 사람인 입사지원 
전형절차 : 서류전형 → 1차면접 → 최종합격 
🛎️ 유의사항
• 입사지원 서류에 허위사실이 발견될 경우, 채용확정 이후라도 채용이 취소될 수 있습니다.

사람인 공고 상세요강 입니다. 사람인(주)의 허가 없이 무단 복사 및 게재를 금합니다. "
4,AI 에이전트,[클루커스 부산캠퍼스] GEN AI Engineer 모집,(주)클루커스 부산캠퍼스,부산 해운대구,경력1년↑,학력무관,정규직,상시채용,https://www.saramin.co.kr/zf_user/jobs/relay/view?view_type=search&rec_idx=52945039&location=ts&searchword=AI+%EC%97%90%EC%9D%B4%EC%A0%84%ED%8A%B8&searchType=search&paid_fl=n&search_uuid=12ebc0de-9d46-4ec4-9fe8-af922641719d,52945039,데이터분석가 데이터엔지니어 데이터시각화 빅데이터,2026-02-02 11:58:28,"LLM 기반 애플리케이션 및 에이전트 시스템 개발, 데이터 분석 및 전처리, 자연어의 이해 및 처리 업무, 프롬프트 엔지니어링, RAG(Retrieval, Augmented Generation) 개발, 검색 엔진 성능 평가 및 개선","관련 경력 1년 이상, LLM 기반 애플리케이션 및 에이전트 시스템 구축을 위한 오픈소스 프레임워크 활용 경험, 관련 전공자 또는 관련 교육 이수자","챗봇 개발 경험자, 대용량 데이터 처리 경험자, 비정형 데이터 전처리 경험자, Azure 환경 경험자, 뛰어난 커뮤니케이션 및 협업 능력 보유자, 영어 의사소통 가능자, 10.00 분단위 출근 11:30, 13.00 (1시간 30분) 8시간 근무 후 퇴근 헬림과 재충전 시간 제공 안마의자 파견 수당 콤루인의 쉽올 책임질 파견지근무 시 수당 지원 휴제공간 제공 Your Life; Your Style 통신비 자기계발비 교육자격증 매월 최대 8만원 실비 지원 매월 7만원 지원 자격증 응시 비용 지원 (단말기할부금+통신비) (개인법인카드 사용) KPPY, BIRIHDAY, 생일축하 경조사 건강검진 상품권 10만원 지급 경조금 및경조휴가 지급 매년 1회 건강검진 지원 Beyond Work Beyond Limits 새 노트북 지급 팀위크지 위한 회식비 상여금 기존 사용 노트북 개인 소지 매월 팀별 회식비 지원 명절 등 상여금 지급 새노트북 지급 (3년 마다) (시기별 금액상이) 스톱움선 클루인 Link: ESM 매년정기총회 스톱움선 부여 언제든 열려 F는 소통 창구 (핵심인재한정) 커유니켜이선 플렉품, 서류전형 및 사전 인터뷰 > 실무진면접 > 임원면접 > 최종합격, 서류전형 합격자에 한해 면접 일정은 개별 안내 드립니다., 접수기간 : 채용시 마감, 접수방법 : 홈페이지 지원, 00 분단위 출근 11:30-, 00 (1시간 30분) 8시간 근무 후 퇴근 헬림과 재충전 시간 제공 안마의자 파견 수당 콤루인의 쉽올 책임질 파견지근무 시 수당 지원 휴제공간 제공 Your Life; Your Style 통신비 자기계발비 교육자격증 매월 최대 8만원 실비 지원 매월 7만원 지원 자격증 응시 비용 지원 (단말기할부금+통신비) (개인법인카드 사용) KPPY -BIRIHDAY - 생일축하 경조사 건강검진 상품권 10만원 지급 경조금 및경조휴가 지급 매년 1회 건강검진 지원 Beyond Work Beyond Limits 새 노트북 지급 팀위크지 위한 회식비 상여금 기존 사용 노트북 개인 소지 매월 팀별 회식비 지원 명절 등 상여금 지급 새노트북 지급 (3년 마다) (시기별 금액상이) 스톱움선 클루인 Link: ESM 매년정기총회 스톱움선 부여 언제든 열려 F는 소통 창구 (핵심인재한정) 커유니켜이선 플렉품","서류전형 및 사전 인터뷰 > 실무진면접 > 임원면접 > 최종합격, 서류전형 합격자에 한해 면접 일정은 개별 안내 드립니다., 접수기간 : 채용시 마감, 접수방법 : 홈페이지 지원","서류전형 및 사전 인터뷰 > 실무진면접 > 임원면접 > 최종합격, 서류전형 합격자에 한해 면접 일정은 개별 안내 드립니다., 접수기간 :",,솔루션·SI·ERP·CRM," ✔️모집부문 및 상세내용
GEN AI
Engineer
📋 주요업무
- LLM 기반 애플리케이션 및 에이전트 시스템 개발
- 데이터 분석 및 전처리
- 자연어의 이해 및 처리 업무
- 프롬프트 엔지니어링
- RAG(Retrieval-Augmented Generation) 개발
- 검색 엔진 성능 평가 및 개선
📋 자격요건
- 관련 경력 1년 이상
- LLM 기반 애플리케이션 및 에이전트 시스템 구축을 위한 오픈소스 프레임워크 활용 경험
   (LangChain, LangGraph, OpenWebUI 등)
- 관련 전공자 또는 관련 교육 이수자
📋 우대사항
- 챗봇 개발 경험자
- 대용량 데이터 처리 경험자
- 비정형 데이터 전처리 경험자
- Azure 환경 경험자
- 뛰어난 커뮤니케이션 및 협업 능력 보유자
- 영어 의사소통 가능자
 ✔️복리후생
 ✔️전형절차
• 서류전형 및 사전 인터뷰 > 실무진면접 > 임원면접 > 최종합격
• 서류전형 합격자에 한해 면접 일정은 개별 안내 드립니다.
  ✔️접수기간 및 방법
• 접수기간 : 채용시 마감
• 접수방법 : 홈페이지 지원
 ✔️유의사항
입사지원 서류에 허위사실이 발견될 경우, 채용확정 이후라도 채용이 취소될 수 있습니다.
계약기간 3개월 종료 후 근무 평가에 따라 계속 근로 여부 결정됩니다.

사람인 공고 상세요강 입니다. 사람인(주)의 허가 없이 무단 복사 및 게재를 금합니다. Cloocus 킬루커스 채용 공고 금루귀스와함께 플라우드의 미래름 선도함 당신올 기다럽다다 WE ARE HIRING! APPLY NOW!  Cloocus HOW CLOOCUS CAN ASSIST 콤루인들만의 특별하 혜택 Work Smart Live Happy 클루커스 커피 자율출근제 여유로운 점심시간 1잔 무료 이후 509 할인 07.30-10.00 분단위 출근 11:30-13.00 (1시간 30분) 8시간 근무 후 퇴근 헬림과 재충전 시간 제공 안마의자 파견 수당 콤루인의 쉽올 책임질 파견지근무 시 수당 지원 휴제공간 제공 Your Life; Your Style 통신비 자기계발비 교육자격증 매월 최대 8만원 실비 지원 매월 7만원 지원 자격증 응시 비용 지원 (단말기할부금+통신비) (개인법인카드 사용) KPPY -BIRIHDAY - 생일축하 경조사 건강검진 상품권 10만원 지급 경조금 및경조휴가 지급 매년 1회 건강검진 지원 Beyond Work Beyond Limits 새 노트북 지급 팀위크지 위한 회식비 상여금 기존 사용 노트북 개인 소지 매월 팀별 회식비 지원 명절 등 상여금 지급 새노트북 지급 (3년 마다) (시기별 금액상이) 스톱움선 클루인 Link: ESM 매년정기총회 스톱움선 부여 언제든 열려 F는 소통 창구 (핵심인재한정) 커유니켜이선 플렉품 "
5,AI 에이전트,Laravel 풀스텍 개발자,오마이어스(주),서울 강남구,신입,고졸↑,정규직,~ 02/10(화),https://www.saramin.co.kr/zf_user/jobs/relay/view?view_type=search&rec_idx=52798004&location=ts&searchword=AI+%EC%97%90%EC%9D%B4%EC%A0%84%ED%8A%B8&searchType=search&paid_fl=n&search_uuid=12ebc0de-9d46-4ec4-9fe8-af922641719d,52798004,키워드 없음,2026-02-02 11:58:46,"Laravel 백엔드 테크리드 (1명), 포지션: 할당된 일하는 직원 (X) → 창업 감성(문제해결, 자율)을 보유한 팀 멤버(O), 미션: 100만 소상공인의 디지털 생존 경쟁력 구축, 비전: 3년 내 국내 1위 스몰브랜드 AI 세일즈 에이전트 구축, 페이지 유입 유저 EVENT 값 수집 API, 수십 만~수백 만 건 대용량 DB 최적화, AI 기반 코드 생성으로 개발 속도 향상, 업종 별 퍼널 전략 및 이벤트 프로모션 랜딩페이지 자동 생성, 고객 및 파트너 정산 관리, PayPal, Stripe 등 글로벌 결제 서비스 연동, 서버 엔진X 튜닝, Redis 적용, 대용량 트래픽 대응 아키텍처, 고객 데이터, AI 개발(로컬 기반의 AI 인프라 구축 등), 국내 전용 코드의 글로벌 마이그레이션, 메시지 마케팅 성과 예측 알고리즘, LLM 기반 업종별 맞춤 추천 엔진, 업종별 퍼널 전략 및 이벤트 프로모션 랜딩페이지 자동 생성, Make, n8n 자동화 툴 통합, 웨비나 세일즈 퍼널 시스템, 반복 업무 자동화, RPA 구축 및 워크플로우 설계, 코드 저장소, 이슈 트래커, CI/CD 파이프라인 등 개발 도구와 AI를 연결, 자동완성(코드 입력 시간 단축 및 오류 감소), 실시간 코드 분석(품질 향상 및 버그 예방), 디버깅 도구(버그 수정 시간 단축), 플러그인(개발 환경 맞춤화), GA4, MIXPANEL, Amplitude 연동, 통계 및 대시보드 페이지 최적화, 고객 유입 이탈 퍼널 분석, Google Big query 이벤트 수집 시스템, B2B 기업과의 솔루션 API 연동 사용 제공, 바이브 코딩 활용 개발 생산성 극대화, 결제 시스템 고도화, 시스템 성능 최적화, 철저한 데이터 보안관리, 글로벌 확장 기반, AI 기반 마케팅 예측, 자동화 통합 플랫폼, 내부 업무 프로세스 개선 & 최적화, MCP 연결 개발 활용, 고급 분석 시스템","""내 코드가 사회문제를 해결한다""는 확신을 가진 분, 현재 기회비용을 미래 가치에 베팅할 용기가 있는 분, ""불가능해 보이는 일을 가능하게 만드는 것""을 즐기는 분, 가치를 만드는 일이 즐겁고, 주말에도 새로운 기능 아이디어가 떠올라 설레는 분, 시대의 변화에 발맞춰 꾸준하게 배우고 성장하시는 분, 흔들리지 않는 신념이 있거나(가지고 싶거나), 정직한 분, Laravel 3년+ 실무 경험 (MVP 혼자 구축 가능한 수준), PHP 8.x & MySQL 8.0 최적화 경험, AWS 인프라 구축 및 운영 경험, 비개발자와 기술, 비즈니스 소통 능력, 워터풀 아닌 고객 반응 중심의 에자일, 스프린트 방식의 업무 수행, x & MySQL, 0 최적화 경험","BigQuery, Redis 대용량 데이터 처리 경험 (수십만~수백만 건), 전문 서비스업/소상공인 대상의 마케팅 도메인 이해도, 스타트업 개발 경험 또는 새로운 가치를 만드는 서비스에 관심이 높은 분, ""메타인지가 강하고 자기성찰을 통해 성장하는"" 분, 기분이 감정이 되지않는 프로의식과 명확한 의사도출 프로세스를 가진 분, AI/ML 개발 리딩 경험 (LLM, 데이터 가공), 자동화 툴 경험 (Make, n8n, RPA 워크플로우), 글로벌 플랫폼 개발 & LMS 연동 경험, 이커머스 서비스 개발 경","1년차: 팀장급 → 2년차: 테크리드 → 3년차: CTO 후보, 결과 중심 평가 (출퇴근 시간보다 임팩트 중시), 각자 담당 분야에 대한 믿음과 신뢰 기반, 09:00~18:00 (코어타임) + 유연근무제, 시간이 아닌 결과와 임팩트 그리고 고객의 반응에 집중합니다., 1년 내 탄탄한 실전 경험 중심의 압축 성장, 업계 선도 기술로 차별화된 커리어 구축, 현실이 아닌 꿈을 좇는 평생 이력서에 남을 성공 프로젝트 경험","🌟 ""돈으로도 바꿀 수 없는 진짜 보상"" 📚 새로운 기술 도입 학습 무제한 지원 🌏 연간 목표 달성 시 해외 워크샵 & 컨퍼런스 1년 내 탄탄한 실전 경험 중심의 압축 성장 💼 업계 선도 기술로 차별화된 커리어 구축 🎯 ""현실이 아닌 꿈을 좇는"" 평생 이력서에 남을 성공 프로젝트 경험 🔑 핵심 비즈니스 의사결정 참여 권한 (투자유치, 가격정책 등)",,,"Laravel 풀스텍 개발자
서비스 소개
기업소개
""나의 기술이 세상을 바꾼다""는 확신을 코드로 증명하는 곳
우리는 매년 10만개씩 늘어나는 1인 기업과 100만 자영업자들이 디지털 환경에서 생존할 수 있도록 
AI 기반 고객관리 메시지 마케팅 솔루션을 개발하는 초기 스타트업입니다.
대기업만 가능했던 데이터 기반 고객 육성을 40대 1인 기업도 1-2일 만에 실행할 수 있게 만드는 것입니다.

💔 우리가 해결하는 구체적 문제:
- 개인정보보호법 강화 + 브랜드 포화로 SNS 광고비 상승, 전환율 하락
- 수백만원 마케팅 교육 들어도 실질적 매출 변화 없는 현실
- 단기 광고 의존 → 반복 매출 구조 전무, 고객 계속 이탈
- 이젠, 전문직 자영업(의사, 변호사, 세무사)도 고객 관리와 브랜딩 없이는 생존 불가

💡 우리의 핵심 솔루션:
""퍼스트/제로 파티 데이터 기반 고객 리드 → 메시지 및 마케팅 퍼널 설계 → 신청/예약/구매 전환""
- 제로파티/퍼스트파티 데이터를 마케팅 자산으로 활용
- SNS 광고 부담과 의존에서 탈피 → 내부 고객 데이터 기반 체계적 유입/전환
- 마케터 없이도 찐팬과 단골/충성고객을 만드는 고객 육성 및 신청/구매 전환 퍼널 자동화 또는 시스템 구축

지방 소도시의 네일샵 매출을 300만원에서 1,200만원으로, 
폐업 직전 요가원을 웨이팅 100명 달성으로 바꾸는 것. 

이것이 우리가 코드로 만들어낼 미래의 모습입니다.

앞으로의 시대는 운영도, 마케팅도, 개발도 모두 AI와 프로세스를 만드는 시스템 설계 능력을 
가진 직업인들만이 살아 남는 시대가 될 것입니다.
자사는 직무 별 1-2명 구성으로 수 천, 수 만 명의 고객의 인생을 전환하는 뛰어난 문제해결 조직을 지향합니다. 

""시간을 팔아서 돈을 버는 직장인 개발자가 아닌, 함께 문제를 해결하고 결과를 만들어내는 마지막 창업 멤버""를 모집합니다. 
2년 전 저의 첫 창업 도전에 지인 누구도 저에게 희망을 걸지 않았습니다. 
그러나, 잘 되던, 잘 못되던 제가 나아가야할 목표만 바라보고 배우고 성장하며 우직하게 준비해왔습니다.
본 창업자는 결핍으로부터의 절실함, 성장과 혁신을 만들어오던 그 여정을 통해
드디어 2025년 세상을 바꾸기 위한 위한 꿈의 무대 진출에 직면하였습니다.

신념이 세상을 바꾼다는 것에 동의하시는 분
'우공이산' 우공이 산을 옮긴다는 말을 순수하게 믿으시는 분

💎 우리의 성장 마일스톤
🎯 구체적 성장 목표
- 1년차: 고객 1000명 달성
- 2년차: 매출 20억 달성, 국내 스몰 브랜드 시장 점유율 1위
- 3년차:AI 세일즈 에이전트 완성, 중소기업 B2B 시장 점유율 확대
- 4년차: 글로벌 진출 및 시리즈A 투자 (50억+ 유치)
- 5년차: IPO 준비 및 글로벌 마케팅 솔루션 리더 자리매김

[O(놀라움, 감탄)+ MY(나의) + US(우리를)] 
우리는 같은 신념을 가진 집단으로 우리의 동료과 고객에게 인생의 놀라운 기적을 만들어 간다는 뜻입니다. 
2년 전도, 지금도 저의 그 신념은 누가 뭐라해도 바뀐 적 없습니다. 

본격적인 시장 진출을 위해 기업의 비전과 미션에 공감할 수 있는 뜻있는 동료들과의 미래를 만들기 위해 조직을 재편합니다. 
(2년 이상 Laravel 경험한 경력직 개발자)
이 포지션의 AI 예상 면접 질문이 궁금하다면 점핏에서 확인해보세요!
모집부문 / 상세내용
사용 기술
Asana Laravel MySQL NGINX PHP Redis AWS RPA Notion
주요업무
[모집부문]
초기 창업 멤버 - Laravel 백엔드 테크리드 (1명)
- 포지션: 할당된 일하는 직원 (X) → 창업 감성(문제해결, 자율)을 보유한 팀 멤버(O) 
- 미션: 100만 소상공인의 디지털 생존 경쟁력 구축
- 비전: 3년 내 국내 1위 스몰브랜드 AI 세일즈 에이전트 구축

🔧 당신이 개발할 핵심 기능들
** Phase 1: 핵심 인프라 구축
1. Google Big query 이벤트 수집 시스템
 - 페이지 유입 유저 EVENT 값 수집 API
 - 수십 만~수백 만 건 대용량 DB 최적화
2. B2B 기업과의 솔루션 API 연동 사용 제공
3.바이브 코딩 활용 개발 생산성 극대화
 - AI 기반 코드 생성으로 개발 속도 향상
 - 업종 별 퍼널 전략 및 이벤트 프로모션 랜딩페이지 자동 생성
4. 결제 시스템 고도화
 - 고객 및 파트너 정산 관리
 - PayPal, Stripe 등 글로벌 결제 서비스 연동

** Phase 2: 성능 최적화 & 확장
1. 시스템 성능 최적화
 - 서버 엔진X 튜닝, Redis 적용
 - 대용량 트래픽 대응 아키텍처
2. 철저한 데이터 보안관리
 - 고객 데이터
 - AI 개발(로컬 기반의 AI 인프라 구축 등)
3. 글로벌 확장 기반
 - 국내 전용 코드의 글로벌 마이그레이션

** Phase 3: AI & 자동화 혁신
1. AI 기반 마케팅 예측
 - 메시지 마케팅 성과 예측 알고리즘
 - LLM 기반 업종별 맞춤 추천 엔진
 - 업종별 퍼널 전략 및 이벤트 프로모션 랜딩페이지 자동 생성
2. 자동화 통합 플랫폼
 - Make, n8n 자동화 툴 통합
 - 웨비나 세일즈 퍼널 시스템
3. 내부 업무 프로세스 개선 & 최적화
 - 반복 업무 자동화
 - RPA 구축 및 워크플로우 설계
4. MCP 연결 개발 활용
 - 코드 저장소, 이슈 트래커, CI/CD 파이프라인 등 개발 도구와 AI를 연결
 - 자동완성(코드 입력 시간 단축 및 오류 감소)
 - 실시간 코드 분석(품질 향상 및 버그 예방)
 - 디버깅 도구(버그 수정 시간 단축)
 - 플러그인(개발 환경 맞춤화)

** Phase 4: 데이터 기반 의사결정
1. 고급 분석 시스템
 - GA4, MIXPANEL, Amplitude 연동
 - 통계 및 대시보드 페이지 최적화
 - 고객 유입 이탈 퍼널 분석
자격요건
🔥 마음가짐 (가장 중요)
- ""내 코드가 사회문제를 해결한다""는 확신을 가진 분
- 현재 기회비용을 미래 가치에 베팅할 용기가 있는 분
- ""불가능해 보이는 일을 가능하게 만드는 것""을 즐기는 분
- 가치를 만드는 일이 즐겁고, 주말에도 새로운 기능 아이디어가 떠올라 설레는 분
- 시대의 변화에 발맞춰 꾸준하게 배우고 성장하시는 분
- 흔들리지 않는 신념이 있거나(가지고 싶거나), 정직한 분 

💻 기술적 필수조건
- Laravel 3년+ 실무 경험 (MVP 혼자 구축 가능한 수준)
- PHP 8.x & MySQL 8.0 최적화 경험
- AWS 인프라 구축 및 운영 경험
- 비개발자와 기술-비즈니스 소통 능력
- 워터풀 아닌 고객 반응 중심의 에자일, 스프린트 방식의 업무 수행
우대사항
⭐ 강력 우대 (이런 분이면 바로 연락!)
- BigQuery, Redis 대용량 데이터 처리 경험 (수십만~수백만 건)
- 전문 서비스업/소상공인 대상의 마케팅 도메인 이해도
- 스타트업 개발 경험 또는 새로운 가치를 만드는 서비스에 관심이 높은 분
- ""메타인지가 강하고 자기성찰을 통해 성장하는"" 분
- 기분이 감정이 되지않는 프로의식과 명확한 의사도출 프로세스를 가진 분

💡 있으면 금상첨화
- AI/ML 개발 리딩 경험 (LLM, 데이터 가공)
- 자동화 툴 경험 (Make, n8n, RPA 워크플로우)
- 글로벌 플랫폼 개발 & LMS 연동 경험
- 이커머스 서비스 개발 경
마감일 및 근무지
• 마감일 : 2026년 02월 10일
• 근무지
- 서울 강남구 강남대로94길 28 유니언타운 강남
복지 및 혜택
🌟 ""돈으로도 바꿀 수 없는 진짜 보상""

📚 새로운 기술 도입 학습 무제한 지원
🌏 연간 목표 달성 시 해외 워크샵 & 컨퍼런스
🚀 1년 내 탄탄한 실전 경험 중심의 압축 성장
💼 업계 선도 기술로 차별화된 커리어 구축
🎯 ""현실이 아닌 꿈을 좇는"" 평생 이력서에 남을 성공 프로젝트 경험
🔑 핵심 비즈니스 의사결정 참여 권한 (투자유치, 가격정책 등)
채용절차 및 기타 지원 유의사항
[근무조건]
* 고용형태
창업 멤버 (정규직 전환, 수습기간 3개월)
- 1년차: 팀장급 → 2년차: 테크리드 → 3년차: CTO 후보

* 근무요일
주 5일 (월~금) + 자율성 기반
- 결과 중심 평가 (출퇴근 시간보다 임팩트 중시)
- 각자 담당 분야에 대한 믿음과 신뢰 기반

* 근무시간
- 09:00~18:00 (코어타임) + 유연근무제
- 시간이 아닌 결과와 임팩트 그리고 고객의 반응에 집중합니다. 

* 급여조건
💰 투명한 보상 체계
진정한 주인의식은 지분에서 시작됩니다
단순히 ""주인의식을 가져주세요""라고 말하는 것은 의미가 없습니다. 
진정한 주인의식은 실제 회사의 성공이 나의 성공으로 이어지는 구조에서 비롯됩니다.

그래서 우리는 실질적인 지분 제공을 통해 이 회사가 진짜 '당신의 회사'가 되는 경험을 제공합니다:

💵 현실적인 보상 패키지 & ⚖️ 투명한 지분 정책
🏆 기본급 (경력/역량에 따라)
💎 스톡옵션: N% (실제 회사 성공이 나의 성공이 되는 구조, 역량 및 급여 고려)
🎯 성과급: 분기별 목표 달성 시 월급의 00% 별도 지급
📈 엑시트 목표: 3년 후 시리즈A (부여된 옵션의 수십억 가치 목표)

🚀 하지만 돈으로도 바꿀 수 없는 진짜 보상에 공감하실 수 있는 것이 가장 중요한 Point입니다. 
- 1년 내 탄탄한 실전 경험 중심의 압축 성장
- 업계 선도 기술로 차별화된 커리어 구축
- 현실이 아닌 꿈을 좇는 평생 이력서에 남을 성공 프로젝트 경험

* 제출서류
📝 ""당신의 진심을 보여주세요""

- 이력서 (형식 자유)
- 자기소개서 (아래 질문 포함)
 >왜 우리 회사에 관심을 갖게 되었는지
 >가장 자랑스러운 개발 경험과 그 이유
 >3-5년 후 본인의 모습을 어떻게 그리고 있는지
 >""자기가 바라보는 자신은 어떤 사람인가?"" (자유형식)
 >포트폴리오 (GitHub 필수)

* 문의사항
전화 : 0507-1394-7939
""궁금한 것 있으면 부담 없이 물어봐주세요!""

* 추후 공지 예정
함께 만들어갈 서비스를 먼저 체험해보고 싶으시다면 연락주세요

회사주소 : 서울특별시 강남구 강남대로 94길 28, #403
이메일 : people@o-my.us

* 기타 유의사항
⚠️ 정말 중요한 안내사항
- 허위사실 발견 시 채용 취소 (당연한 얘기겠지만...)
- 각 전형별 합격자에게만 개별 연락 (떨어져도 서운해하지 마세요)
- 내부 사정으로 지원서 검토에 최대 5일 이상 소요 가능
- 기존 개발자의 충분한 인수인계와 문서화 지원 보장

🔥 마지막 당부
❌ 이런 분은 정말 지원하지 마세요:
- 마음의 안정감이 매우 중요한 안정지향/현실주의자
- '게으름', '소극적', '직장인' 마인드를 가진 분
- 급여가 자부심이고 복리후생이 심리적 안정성에 큰 영향을 주는 분(ex. 중견~대기업 희망자)
- 당장의 현금흐름이 가장 중요한 분
- 본 채용공고 내용이 이해가 안 되거나 부담스러운 분

✅ 마지막 셀프 체크
- 순수한 눈으로 세상을 바꾸고 싶은 진심이 있나요?
- 불확실함보다 가능성에 더 설레나요?
- 함께 성장하며 문제해결사로서 누군가를 도울 준비가 되어 있나요?

모든 답이 YES라면, 우리가 찾던 바로 그 사람입니다! 🎉
(고민이 되거나 취업이 우선이라면, 과감하게 Pass해 주셔도 괜찮습니다. 서로의 시간을 아끼는 것도 배려입니다.)

""자! 함께 세상을 바꿀 준비가 되셨나요?"" 🚀
""우리는 단순한 개발자가 아닌, 세상을 바꿔나갈 동료를 찾습니다.""

사람인 공고 상세요강 입니다. 사람인(주)의 허가 없이 무단 복사 및 게재를 금합니다."
6,AI 에이전트,[경력] 파이썬 개발자 정직원 모집(솔루션본부),(주)데이터앤솔루션,서울 서초구,경력2년↑,초대졸↑,정규직,~ 03/22(일),https://www.saramin.co.kr/zf_user/jobs/relay/view?view_type=search&rec_idx=52888421&location=ts&searchword=AI+%EC%97%90%EC%9D%B4%EC%A0%84%ED%8A%B8&searchType=search&paid_fl=n&search_uuid=12ebc0de-9d46-4ec4-9fe8-af922641719d,52888421,데이터 소프트웨어개발,2026-02-02 11:58:55,데이터 분석 및 처리 프로젝트 관리 및 조율 소프트웨어 개발 및 유지 AI Agent 경험자 문서화 및 보고서 작성 팀 협업 및 소통 지원,"파이썬 프로그램 중급 이상, 파이썬 selenium과 requests 모듈 사용 가능자, 웹에 대한 전반적인 지식이 있는자, SQL 중급자","공학계열, 수학/통계학 정보처리산업기사 해당직무","서류전형 임원면접 최종합격 접수기간 및 방법 접수기간 : 2026년 1월 21일 (수) ~ 채용시마감 접수방법 : 사람인 입사지원 이력서양식 : 사람인 온라인 이력서 & 본인이 개발했던 .py file 첨부 필수 회사소개 ㈜데이터앤솔루션은 2018년에 설립된 회사로 사원수 14명 규모의 중소기업입니다 대기업 Data 표준화 구축하여 납품사업을 하고 있습니다 이세상 모든 데이터를 관리하고 싶은 여러분께 열려 있습니다 저희만의 기술로 불안한 시기에도 안정적으로 다닐 수 있는 회사입니다 복리후생 4대보험, 퇴직금 MT(해외) 장기근무가능 간식제공","4대보험, 퇴직금 MT(해외) 장기",,,"[경력] 파이썬 개발자 정직원 모집(솔루션본부)
모집부문 및 상세내용
공통 자격요건
ㆍ학력 : 대졸 이상 (2,3년)
백엔드 개발자 01명
주요업무
ㆍ 데이터 분석 및 처리
ㆍ 프로젝트 관리 및 조율
ㆍ 소프트웨어 개발 및 유지
ㆍ AI Agent 경험자
ㆍ 문서화 및 보고서 작성
ㆍ 팀 협업 및 소통
지원자격
ㆍ경력 : 경력 (2년 이상~) (면접 후 결정)
ㆍ기타 필수 사항
- 파이썬 프로그램 중급 이상, 파이썬 selenium과 requests 모듈 사용 가능자, 웹에 대한 전반적인 지식이 있는자, SQL 중급자
우대사항
ㆍ공학계열, 수학/통계학
ㆍ정보처리산업기사
ㆍ해당직무 근무경험, 컴퓨터활용능력 우수, 통계분석능숙자
근무조건
ㆍ 근무형태 : 정규직(수습기간)-3개월
ㆍ 근무일시 : 09:00~06:00
ㆍ 근무지역 : (06717) 서울 서초구 남부순환로325길 17 신빌딩 503호(서초동) - 서울 3호선 남부터미널 에서 500m 이내
전형절차
서류전형
임원면접
최종합격
접수기간 및 방법
ㆍ 접수기간 : 2026년 1월 21일 (수) ~ 채용시마감
ㆍ 접수방법 : 사람인 입사지원
ㆍ 이력서양식
:
사람인 온라인 이력서 & 본인이 개발했던 .py file 첨부 필수

회사소개
ㆍ㈜데이터앤솔루션은 2018년에 설립된 회사로 사원수 14명 규모의 중소기업입니다
ㆍ대기업 Data 표준화 구축하여 납품사업을 하고 있습니다
ㆍ이세상 모든 데이터를 관리하고 싶은 여러분께 열려 있습니다
ㆍ저희만의 기술로 불안한 시기에도 안정적으로 다닐 수 있는 회사입니다
복리후생
ㆍ4대보험, 퇴직금
ㆍMT(해외)
ㆍ장기근무가능
ㆍ간식제공
유의사항
ㆍ입사지원 서류에 허위사실이 발견될 경우, 채용확정 이후라도 채용이 취소될 수 있습니다.


사람인 공고 상세요강 입니다. 사람인(주)의 허가 없이 무단 복사 및 게재를 금합니다."
7,AI 에이전트,[이즈파크] 웹 서비스 개발자 채용,(주)이즈파크,서울 금천구,경력 5~10년,초대졸↑,정규직,~ 02/13(금),https://www.saramin.co.kr/zf_user/jobs/relay/view?view_type=search&rec_idx=52977980&location=ts&searchword=AI+%EC%97%90%EC%9D%B4%EC%A0%84%ED%8A%B8&searchType=search&paid_fl=n&search_uuid=12ebc0de-9d46-4ec4-9fe8-af922641719d,52977980,퍼블리셔 프론트엔드 API RestAPI,2026-02-02 11:59:01,,,,,,,응용 소프트웨어 개발 및 공급업,사람인 공고 상세요강 입니다. 사람인(주)의 허가 없이 무단 복사 및 게재를 금합니다.
8,AI 에이전트,AI 활용 슈퍼 기획자를 모집합니다. Agentic AI의 미래,주식회사 유엔진솔루션즈,서울 서초구,경력,학력무관,정규직,~ 02/04(수),https://www.saramin.co.kr/zf_user/jobs/relay/view?view_type=search&rec_idx=52730080&location=ts&searchword=AI+%EC%97%90%EC%9D%B4%EC%A0%84%ED%8A%B8&searchType=search&paid_fl=n&search_uuid=12ebc0de-9d46-4ec4-9fe8-af922641719d,52730080,기술기획 사업기획 상품기획 서비스기획 앱기획,2026-02-02 11:59:08,"Agent AI 서비스 기획 및 설계: 고객이 원하는 비즈니스 로직을 AI 에이전트가 수행할 수 있도록 구체적인 시나리오와, Pair Co, creation: '바이브 코딩' 개발자와 밀착 협업(Pairing)하여, 기획 의도가 즉시 코드로 구현되고 검증되는 사이클을 주도합니다., Customer, Driven System Building: 추상적인 고객의 니즈를 파악하여,, Prompt Engineering & Logic Design: AI가 이해할 수 있는 수준의 정교한 프롬프트 논리 설계 및 워크플로우 최적화.",경력 (연수 무관),"기획업무 경험자., Cursor, GitHub 등 AI 코딩 어시스턴트 툴이 가져올 생산성 혁명을 이해하고 계신 분., Zero to One: 맨땅에서 서비스를 런칭해 본 경험이 있는 창업가 마인드의 소유자.","05 15시 ~ 2026, 04 24시","연봉은 최소 5천만원 부터 시작이며 ~역량별 1억원 이상 가능, 기본 재택근무",면접 후 결정,응용 소프트웨어 개발 및 공급업,"AI 활용 슈퍼 기획자를 모집합니다. Agentic AI의 미래
기획자 (0명)
📋 주요업무
우리는 지금 소프트웨어 개발의 패러다임이 바뀌는 지점에 서 있습니다. 단순히 기획서만 넘기는 시대는 끝났습니다. 
우리는 Agent AI 기술을 선도하며, 압도적인 속도와 퀄리티로 고객의 상상을 시스템으로 구현할 ‘슈퍼 기획자’를 찾습니다.
 단순한 관리자가 아닙니다. 당신은 최고의 생산성을 가진 개발자와 '원팀(One Team)'이 되어 
시장을 놀라게 할 제품을 직접 만들어내게 될 것입니다.
 - Agent AI 서비스 기획 및 설계: 고객이 원하는 비즈니스 로직을 AI 에이전트가 수행할 수 있도록 구체적인 시나리오와 
시스템 아키텍처로 전환합니다.
 - Pair Co-creation: '바이브 코딩' 개발자와 밀착 협업(Pairing)하여, 기획 의도가 즉시 코드로 구현되고 검증되는 사이클을 주도합니다.
 - Customer-Driven System Building: 추상적인 고객의 니즈를 파악하여, 
실제 작동하는 시스템의 기능(Function)과 UX 흐름으로 정의합니다.
 - Prompt Engineering & Logic Design: AI가 이해할 수 있는 수준의 정교한 프롬프트 논리 설계 및 워크플로우 최적화.
📋 자격요건
• 경력 (연수 무관)
• 학력무관
📋 우대사항
• 기획업무 경험자.
• Cursor, GitHub 등 AI 코딩 어시스턴트 툴이 가져올 생산성 혁명을 이해하고 계신 분.
• Zero to One: 맨땅에서 서비스를 런칭해 본 경험이 있는 창업가 마인드의 소유자.
🏠 근무조건
• 고용형태 : 정규직(수습 3개월)  
• 급여 : 면접 후 결정 
• 근무지 : 서울 서초구 사임당로 31 궁현빌딩 301호, 재택근무 가능 
• 근무요일/시간 : 주 5일 (월~금)  
🎁 복지 및 혜택
• 연봉은 최소 5천만원 부터 시작이며 ~역량별 1억원 이상 가능
• 기본 재택근무
🚀 채용절차
접수기간 : 2026-01-05 15시 ~ 2026-02-04 24시
제출서류 : 사람인 온라인 이력서, 이력서/자기소개서 필수(양식자유), 이외 자기역량 표현자료 자유제출
접수방법 : 사람인 입사지원
전형절차 : 서류전형 → 1차면접 → 최종합격
🛎️ 유의사항
• 본 채용은 수시채용으로, 적합한 인재가 발생할 경우 조기마감 합니다.
• 입사지원 서류에 허위사실이 발견될 경우, 채용확정 이후라도 채용이 취소될 수 있습니다.

사람인 공고 상세요강 입니다. 사람인(주)의 허가 없이 무단 복사 및 게재를 금합니다. "
9,AI 에이전트,식품제조 스마트공장 PL(오산),(주)아이제라,경기 오산시,경력 3~5년,초대졸↑,정규직,~ 02/17(화),https://www.saramin.co.kr/zf_user/jobs/relay/view?view_type=search&rec_idx=52845307&location=ts&searchword=AI+%EC%97%90%EC%9D%B4%EC%A0%84%ED%8A%B8&searchType=search&paid_fl=n&search_uuid=12ebc0de-9d46-4ec4-9fe8-af922641719d,52845307,사업기획 PL(프로젝트리더) PM(프로젝트매니저) 소프트웨어개발,2026-02-02 11:59:26,,"한글, MS, Office, 엑셀 등, 제안서, 사업계획서, 주간보고, 회의록 등 작성 가능자, RCMS 경험자",,열정적인 당신의 지원을 기다립니다 접수기간 및 방법 접수기간 : 상시채용 접수방법 : 사람인 온라인 입사지원,,,컴퓨터시스템 통합 자문 및 구축 서비스업,"기업소개
㈜에스엠해썹
ㆍ2020년 창업, 2024년 법인 전환
ㆍ벤처기업 / 이노비즈 인증 / 기업부설연구소 보유
ㆍ누적 프로젝트 100건 이상, 고객사 50곳 이상
ㆍ공공 및 민간 스마트공장 사업 지속 수주
ㆍ풀무원, 도드람, 샘표 등 중견·대기업 레퍼런스 다수 확보


에스엠해썹만의 독보적인 경쟁력
SMHACCP Service Value Chain을 구축하고 있습니다.
ALL-IN-ONE 통합 플랫폼
수주·생산·품질·출하까지 하나의 플랫폼에서 통합 관리 (MES + AI 비전 + 라벨 + 스마트 HACCP+로봇자동화)

ㆍ식품 제조업 전문성
   다품종 소량생산·비정형·수작업 기반의 식품업 특성을 이해하고 이에 최적화된 맞춤형 기술 제공
ㆍAI 머신비전 솔루션
   소비기한 오표기·중량 이상 등 자동 판별, 기존 장비로는 불가능한 비정형 제품까지 인식 가능
ㆍ지속 가능한 수익 모델
   초기 구축 이후에도 SaaS형 구독, 라벨 소모품 공급, 자동화 확장 등을 통한 반복 매출 구조 확보
ㆍ정부 사업 연계 역량
   중기부·농식품부 등 주요 부처와의 연계 사업 다수 수행, 스마트공장 도입 기업에 최적화된 제안 가능


언론이 바라본 에스엠해썹
ㆍ에스엠해썹, ‘2024년 스마트공장 지원사업’ 우수기업 선정
   (https://www.dailysecu.com/news/articleView.html?idxno=159334)
ㆍ푸드테크 시장에 혁신을 더해 성공을 만들다, 에스엠해썹
   (https://www.newseconomy.kr/news/articleView.html?idxno=15235)
ㆍ에스엠해썹, 2024 스마트공장 지원사업 구축 우수사례 콘테스트서 공로상 수상
   (https://www.dailysecu.com/news/articleView.html?idxno=161244)
ㆍ삼양, 샘표가 선택한 스마트 자율제조… AI에이전트로 DX 가속화
   (https://www.mt.co.kr/tech/2025/08/26/2025080805391617002)
ㆍ에스엠해썹, 산업부 AI 팩토리 전문기업 선정… 식품 제조 올인원 AX 플랫폼 경쟁력 입증
   (https://www.it-b.co.kr/news/articleView.html?idxno=83497)


에스엠해썹의 성장
ㆍ2020. 06 - 법인 설립
ㆍ2020. 11 - 스마트팩토리 및 스마트HACCP(해썹) 솔루션 저작권 등록
ㆍ2021. 03 - 벤처기업인증 & 혁신바우처사업 수행기관 등록 성공
ㆍ2021. 07 - AI 기반 제조데이터 분석 솔루션 공급기업 Pool 등록
ㆍ2022. 03 - 클라우드 기반 머신비전 모니터링 장치 및 소프트웨어 플랫폼 저작권 등록
ㆍ2023. 06 - 딥러닝 기반 AI머신비전 검사장치 특허출원
ㆍ2024. 04 - 2023년 스마트공장 공급기업 역량진단 우수기업 선정(레벨3)
ㆍ2024. 11 - 스마트공장 지원사업 구축 우수사례 콘테스트 공로상 -스마트제조혁신추진단
ㆍ2025. 01 - 2025년 식품특화 스마트HACCP 전문 공급기업 선정
ㆍ2025. 03 - 2025년 스포츠 액셀러레이팅 선정
ㆍ2025. 04 - 풀무원×서울창조경제혁신센터 스타트업 오픈스테이지 밋업 선정,
                       농식품 기술창업 액셀러레이터 육성지원사업 선정, 2024년 스마트공장 공급기업 역량진단 우수기업 선정(레벨3)
ㆍ2025. 05 - 라벨 불량 판단 방법 및 이러한 방법을 수행하는 장치 - 특허출원
ㆍ2025. 06 - IBK창공 구로 2025 하반기 혁신창업기업 선정
ㆍ2025. 08 - 스마트팩토리 전문기업 공식 선정
ㆍ2025. 08 - 2025년도 주조(주주) 프로젝트–스타트업 연계 지원사업 선정
ㆍ2025. 08 - Agri-ESG 프로그램 ‘CJ제일제당-스타트업 밋업’ 선정(서울창조경제혁신센터)
ㆍ2025. 09 - 2025년 스마트공장 공급기업 역량진단 우수기업 선정(레벨3)
ㆍ2025. 09 - 인천창조경제혁신센터 창업 - BuS 프로그램 선정
진행중인 모집부문
스마트 공장 PL(오산) #경력 #0명
담당업무
ㆍ프로젝트 제안 참여, 시스템 기획, 일정 및 예산관리
ㆍ프로젝트 PM/PL
ㆍ서비스 요구사항 정의
ㆍ사업관련 이슈 응대
자격요건
ㆍ문서 작성 및 커뮤니케이션 능력 우수
   - 한글, MS-Office, 엑셀 등
ㆍ프로젝트 관리 및 산출물 작성 우수자
   - 제안서, 사업계획서, 주간보고, 회의록 등 작성 가능자
   - RCMS 경험자
ㆍ운전가능 및 출장 가능자
우대사항 ㆍ정부지원 스마트공장 사업 관련 수행 경험자
   - 대중소 상생형, AI 자율제조 등
ㆍMES, WMS, SCM, ERP 등 시스템 구축 경험자
ㆍ감리 대응 및 대외 보고 경험 보유자
ㆍ클라우드 기반 시스템 경험 또는 스마트팩토리 SaaS 이해 보유자
ㆍ현장 커뮤니케이션 및 이슈 해결 역량 우수자
ㆍ정보통신/전산 관련 학과 전공자 또는 관련 자격증 보유자
우리는 이러한 환경에서 근무해요
  근무형태 : 정규직(수습기간)-3개월
      근무일시 : 유연근무제
      근무지역 : 경기 오산시 독산성로 425, 623호 622호
(주)에스엠해썹과 함께 할 채용절차를 알려드려요
열정적인 당신의 지원을 기다립니다
접수기간 및 방법
ㆍ접수기간 : 상시채용
ㆍ접수방법 : 사람인 온라인 입사지원

제출서류
ㆍ이력서양식 : 사람인 온라인 이력서
놓치지 말아야 할 유의사항을 확인해 주세요
ㆍ입사지원 서류에 허위사실이 발견될 경우, 채용확정 이후라도 채용이 취소될 수 있습니다.

사람인 공고 상세요강 입니다. 사람인(주)의 허가 없이 무단 복사 및 게재를 금합니다."
10,AI 에이전트,[모비데이즈] AI/AX 개발,(주)모비데이즈,서울 강남구,신입,대졸↑,정규직,~ 03/23(월),https://www.saramin.co.kr/zf_user/jobs/relay/view?view_type=search&rec_idx=52895408&location=ts&searchword=AI+%EC%97%90%EC%9D%B4%EC%A0%84%ED%8A%B8&searchType=search&paid_fl=n&search_uuid=12ebc0de-9d46-4ec4-9fe8-af922641719d,52895408,경영기획 사업기획 전략기획 경영분석 경영컨설팅,2026-02-02 11:59:32,"First)` 문화를 만듭니다., code 등)을 유연하게 습득하여 활용합니다., CEO Office 1그룹 AI/AX팀 부서 소속으로 함께할 예정이에요., 실전형 AI 솔루션 구축 (70%), 전사 AI 역량의 내재화 (30%)","대학교졸업(4년)이상, 졸업 예정자 지원가능","RAG 프레임워크(LangChain, LlamaIndex 등)나 Vector DB에 대한 이해도가 있으신 분. Cursor, Claude Code 등 최신 AI 코딩 툴을 활용해 생산성을 극대화해 본 경험이 있으신 분. 광고/마케팅 도메인에 대한 이해가 있거나 데이터 기반의 의사결정 경험이 있으신 분.","22 11시 ~ 2026, 23 24시","교육/생활 : 워크샵, 플레이샵, 신규 입사자 교육(OJT), 리더십 강화교육, 도서구입비지원, 아침식사 제공, 간식 제공, 음료제공(차,커피), 리프레시 : 연차, 경조휴가제, 반차, 근로자의날 휴무, 공휴일 휴무, 육아휴직, 시간제 연차, 급여제도 : 장기근속자 포상, 우수사원포상, 퇴직금, 야근수당, 4대 보험, 지원금/보험 : 건강검진, 각종 경조사 지원, 조직 문화 : 수평적 조직문화, 회식강요 안함, 야근강요 안함, 자유복장, 자유로운 연차사용, 님/닉네임 문화, 선물 : 명절선물/귀향비, 생일선물/파티, 크리스마스 선물, 임신/출산 선물, 장기근속 선물, 근무 환경 : 휴게실, 회의실, 카페테리아, 전용사옥, 사내 정원, 노트북, 사내도서관, 사무용품 지급, 안마실/안마의자, 사내 의원/약국, 출퇴근 : 야간교통비지급",면접 후 결정,광고 대행업,"[모비데이즈] AI/AX 개발
게임 소싱 BD (0명)
📋 주요업무
""AI로 비즈니스 임팩트를 만들고, 전사의 일하는 방식을 혁신합니다""
모비데이즈 AI.AX
팀은 ""AI 기술이 어떻게 실질적인 비즈니스 성과(ROI)로 이어질 것인가?""라는 질문에 가장 빠르게 답을 내놓는 팀입니다. 
우리는 기획서에만 머무는 아이디어가 아니라, 직접 코드를 만지고 솔루션을 구축하여 
동료들의 업무 효율을 10배 이상 끌어올리는 조직적인 변화(AX)를 주도합니다.
 AI.AX 팀의 두 가지 미션
1. 실전형 AI 솔루션 구축 (70%)
문제 해결 중심의 기획:
마케팅 현장의 비효율을 포착하고, 이를 해결하기 위한 RAG(검색 증강 생성) 기반 지식 베이스 , AI 에이전트 등을 설계합니다.
 직접적인 구현과 배포:
프로그래밍 언어나 AI 툴을 활용해 아이디어를 실제 작동하는 프로토타입으로 구현하고 현장에 즉시 적용합니다.
2. 전사 AI 역량의 내재화 (30%)
AX 가이드라인 설계:
동료들이 업무에서 바로 활용할 수 있는 수준 높은 프롬프트 엔지니어링 가이드와 AI 활용 매뉴얼을 제작합니다.
 변화의 촉진:
최신 AI 기술을 조직의 언어로 재해석해 전파하며, 누구나 스스로 업무를 자동화할 수 있는 `AI 우선(AI-First)` 문화를 만듭니다.
 우리가 일하는 방식 
현장에서 답을 찾습니다
: 책상 앞 상상보다 마케터 옆에서의 관찰을 통해 `진짜 문제`를 정의합니다.
 작동하는 것이 완벽한 것보다 낫습니다
: 완벽한 기획보다 하루 만에 만든 프로토타입으로 빠르게 검증하고 개선하는 `속도`를 지향합니다.
 기술은 목적이 아닌 도구입니다
: 특정 언어나 툴에 갇히지 않고, 문제 해결에 가장 적합한 기술(Python, Java, No-code 등)을 유연하게 습득하여 활용합니다.
 이런 분과 함께하고 싶습니다
구현 가능한 상상을 하시는 분: 프로그래밍 언어(1개 이상)를 활용하여 자신의 아이디어를 코드로 실현해 본 경험이 있으신 분.
AI의 구조를 이해하시는 분: LLM을 단순히 사용하는 것을 넘어, 비즈니스 목적에 맞게 구조(RAG, Prompt Logic 등)를 설계할 수 있는 분.
완결성을 경험해 본 프로젝트 오너: 기획부터 실행, 실제 공유(또는 배포)까지 프로젝트의 전체 사이클을 끝까지 책임져 본 경험이 있으신 분.
기술을 언어로 번역하시는 분: 복잡한 기술적 개념을 동료들이 이해하기 쉬운 비즈니스 언어로 바꾸어 설득할 수 있는 분.
• CEO Office 1그룹 AI/AX팀 부서 소속으로 함께할 예정이에요.
📋 자격요건
• 신입
• 대학교졸업(4년)이상, 졸업 예정자 지원가능
📋 우대사항
RAG 프레임워크(LangChain, LlamaIndex 등)나 Vector DB에 대한 이해도가 있으신 분.
Cursor, Claude Code 등 최신 AI 코딩 툴을 활용해 생산성을 극대화해 본 경험이 있으신 분.
광고/마케팅 도메인에 대한 이해가 있거나 데이터 기반의 의사결정 경험이 있으신 분.
🏠 근무조건
• 고용형태 : 정규직(수습 3개월) 
• 급여 : 면접 후 결정 
• 근무지 : 서울 강남구 언주로 417 모비빌딩 
• 근무요일/시간 : 주 5일(월~금) 10:00~19:00 
🎁 복지 및 혜택
• 교육/생활 : 워크샵, 플레이샵, 신규 입사자 교육(OJT), 리더십 강화교육, 도서구입비지원, 아침식사 제공, 간식 제공, 음료제공(차,커피)
• 리프레시 : 연차, 경조휴가제, 반차, 근로자의날 휴무, 공휴일 휴무, 육아휴직, 시간제 연차
• 급여제도 : 장기근속자 포상, 우수사원포상, 퇴직금, 야근수당, 4대 보험
• 지원금/보험 : 건강검진, 각종 경조사 지원
• 조직 문화 : 수평적 조직문화, 회식강요 안함, 야근강요 안함, 자유복장, 자유로운 연차사용, 님/닉네임 문화
• 선물 : 명절선물/귀향비, 생일선물/파티, 크리스마스 선물, 임신/출산 선물, 장기근속 선물
• 근무 환경 : 휴게실, 회의실, 카페테리아, 전용사옥, 사내 정원, 노트북, 사내도서관, 사무용품 지급, 안마실/안마의자, 사내 의원/약국
• 출퇴근 : 야간교통비지급
🚀 채용절차
접수기간 : 2026-01-22 11시 ~ 2026-03-23 24시
제출서류 : 자유양식 이력서
접수방법 : 사람인 입사지원
전형절차 : 서류전형 → 1차 대면인터뷰 → 2차 대면인터뷰 → 최종합격
🛎️ 유의사항
• 입사지원 서류에 허위사실이 발견될 경우, 채용확정 이후라도 채용이 취소될 수 있습니다.

사람인 공고 상세요강 입니다. 사람인(주)의 허가 없이 무단 복사 및 게재를 금합니다. "
11,AI 에이전트,CDO 임원급  채용,(주)투비파트너즈,서울 서초구,경력 15~20년,대졸↑,정규직,~ 02/11(수),https://www.saramin.co.kr/zf_user/jobs/relay/view?view_type=search&rec_idx=52933215&location=ts&searchword=AI+%EC%97%90%EC%9D%B4%EC%A0%84%ED%8A%B8&searchType=search&paid_fl=n&search_uuid=12ebc0de-9d46-4ec4-9fe8-af922641719d,52933215,CDO 기계 자동차,2026-02-02 11:59:45,,,,,,,고용 알선업,"[채용포지션] CDO [본부장/ 임원급]
(Chief Data Officer)
* Role Overview당사의 AI Transformation(AX)을 데이터 관점에서 총괄하는 최고 책임자, 트랙터, 농용 로봇, 정밀농업, 스마트팜, 로봇 서비스, 텔레매틱스,
 AI 에이전트, 공장 운영 및 글로벌 딜러 네트워크 전반의 데이터를 단일 자산으로 통합·운영

[회사] 대동
   - 농기계 국내 1위 기업, 코스피상장사, 매출 1.5조 
  - AI, 로봇, 모빌리티 사업 확장 중

[담당업무] 
- 당사 AI Transformation(AX)을 데이터 관점 총괄 최고 책임자
- 그룹 데이터 전략 및 컨트롤 타워
 : 전사데이터 전략 수립 및 Enterprise Data 컨트롤타워 구축
  데이터 자산, 흐름, 소유권 정의, 데이터 기반 의사결정 체계 확립
- 제품·로봇·텔레매틱스 데이터
 : 트랙터 및 농용 로봇 데이터 통합 및 표준화, 텔레매틱스·엣지·클라우드 데이터 연계
  예지정비 및 자율작업 고도화 지원
- 서비스·AI·정밀농업: 정밀농업, 스마트팜, AI 에이전트 데이터 모델 설계,
  AI 학습용 데이터 파이프라인 구축, 서비스 KPI와 데이터 연계
- 공장·제조·품질 데이터 구축: MES, ERP, PLM, QMS 데이터 통합, 설계–제조–품질 Closed Loop 구축
- 딜러·고객 데이터 플랫폼: 글로벌 딜러 데이터 통합, 고객 라이프사이클 데이터 체계화
- 데이터 거버넌스: 데이터 표준, 품질, 보안 정책 수립, 글로벌 데이터 규제 대응
- 조직문화: 데이터 조직 설계 및 인재 육성, 데이터 기반 의사결정 문화 확산
 [자격요건] 
- 데이터 조직 리딩 경험 15년 이상
- 제조/산업/로봇/플랫폼 산업 경험
- 데이터 아키텍처 이해
- AI 트렌드에 대한 이해
  [우대사항] 
- AI/ML 서비스 운영 경험
- IoT·로봇·텔레매틱스 데이터 경험
- 글로벌 사업 데이터 통합 경험
 [근무지] 
서울 서초구 
 [연봉] 협의 후 결정 
 

사람인 공고 상세요강 입니다. 사람인(주)의 허가 없이 무단 복사 및 게재를 금합니다."
12,AI 에이전트,[HD현대] (주)메디플러스솔루션 전략기획/사업개발 부문 채용,(주)메디플러스솔루션,서울 종로구,경력 10~15년,대졸↑,정규직,~ 02/06(금),https://www.saramin.co.kr/zf_user/jobs/relay/view?view_type=search&rec_idx=52934479&location=ts&searchword=AI+%EC%97%90%EC%9D%B4%EC%A0%84%ED%8A%B8&searchType=search&paid_fl=n&search_uuid=12ebc0de-9d46-4ec4-9fe8-af922641719d,52934479,경영기획 브랜드기획 사업기획 서비스기획 전략기획,2026-02-02 11:59:50,,,,"제출서류 이력서, 자기 소개서, 포트폴리오 ※ 제출하신 모든 개인 정보는 채용 절차 종료 후 즉시 폐기합니다. 접수기간 및 방법 접수기간 : 2026년 01월 27일(화) ~ 2026년 02월 06일(금) 면접일정 : 합격자에 한해 개별 안내 접수방법 : 사람인 입사지원","자유롭게 사용가능한 복지 포인트 (연간 한도 있음) 지급 HD현대 패밀리카드 지급 매년 건강검진 지원 (제휴 병원 연계) 점심 식대 별도 지급 명절 선물 및 결혼 준비 지원금과 휴가, 부모님 회갑/칠순 등 경조사 시 경조금 지급 자유로운 연차/반차(반반차) 사용, 별도 여름휴가(4일) 및 경조휴가 맛있는 원두가 준비된 커피머신 쾌적한 업무환경을 위한 최신형 노트북 및 모니터 지급 직무관련 도서구입비 지원 4대보험/퇴직연금 외 기본 복지 사항 등 전형절차 제출서류 이력서, 자기 소개서, 포트폴리오 ※ 제출하신 모든 개인 정보는",,응용 소프트웨어 개발 및 공급업,"[HD현대]
(주)메디플러스솔루션 
전략기획/사업개발 부문 채용 






HD현대의 자회사인 (주)메디플러스솔루션은 2013년에 설립된 이래, 헬스케어 전문 서비스 기업으로 성장해 왔으며,
HD현대그룹의 핵심적인 헬스케어 사업 영역을 이끌고 있습니다.

인정받은 기술력으로 국내외 유수 기업 및 기관과의 협력을 통해 기술력을 입증해 왔으며, 메이저 의료기관과 지속적인 임상연구를 진행하며 
사용자에게 실질적인 도움이 되는 헬스케어 서비스를 개발하고 있습니다.

주요 서비스는 2019년 만성질환관리 서비스 ""세컨드윈드""를 시작으로, 암 예후 관리 서비스
""세컨드닥터"" 시리즈, 그리고 마음건강 관리 서비스 ""브리시드""를 성공적으로 출시 및 운영하며 디지털 헬스케어 분야를 선도하고 있습니다.
2025년 현재는 HD현대중공업과 함께 ""보건플랫폼""을 개발하고 있습니다.

우리는 더 나은 서비스를 만들기 위해 함께 성장할 인재를 찾습니다.


많은 지원 부탁드립니다. 



전략기획/사업개발 
주요 담당 업무 ㆍ중장기 전략 및 로드맵 수립
ㆍ경영계획 수립 및 전사 성과 모니터링(KPI)
ㆍ신규 비즈니스 모델(BM) 개발 및 GTM 전략 
ㆍ전략적 파트너십 및 얼라이언스 구축
ㆍ전사 리소스 최적화 관리 
ㆍ규제 환경 분석 및 리스크 관리
ㆍ경영진 의사결정 서포트 및 주주 대응
자격요건 ㆍ 관련 직무 경력 총 10년 이상 15년 이하 
ㆍ 디지털 헬스케어 혹은 IT플랫폼 산업에 대한 지식 보유 
ㆍ 데이터 기반 의사결정 역량 
ㆍ 문제 해결 및 구조화 역량
ㆍ 타 부서 및 다양한 이해관계자들의 원활한 협업 및 커뮤니케이션
ㆍ 비즈니스 문해력 및 Financial Modeling 능력
우대사항 ㆍ 헬스케어 신규 사업 런칭 유경험자 
ㆍ 데이터 분석 도구, Ai 에이전트, OA 활용 능력이 우수하신 분 
ㆍ전략적 파트너십 및 투자 검토 유경험자 
제출 서류 
ㆍ이력서, 자기소개서, 포트폴리오 


근무조건
ㆍ근무형태 : 정규직, 수습기간 3개월 
ㆍ근무일시 : 주 5일(월~금) 09:00~18:00 (8시간) 
ㆍ근무지역 : (03082) 서울특별시 종로구 대학로 57, 홍익대학교 대학로캠퍼스 3층 (304호~307호)
복지 및 혜택
ㆍ자유롭게 사용가능한 복지 포인트 (연간 한도 있음) 지급
ㆍHD현대 패밀리카드 지급 
ㆍ매년 건강검진 지원 (제휴 병원 연계)
ㆍ점심 식대 별도 지급 
ㆍ명절 선물 및 결혼 준비 지원금과 휴가, 부모님 회갑/칠순 등 경조사 시 경조금 지급
ㆍ자유로운 연차/반차(반반차) 사용, 별도 여름휴가(4일) 및 경조휴가
ㆍ맛있는 원두가 준비된 커피머신 
ㆍ쾌적한 업무환경을 위한 최신형 노트북 및 모니터 지급
ㆍ직무관련 도서구입비 지원
ㆍ4대보험/퇴직연금 외 기본 복지 사항 등
전형절차
제출서류
ㆍ이력서, 자기 소개서, 포트폴리오 
    ※  제출하신 모든 개인 정보는 채용 절차 종료 후 즉시 폐기합니다. 
   접수기간 및 방법
ㆍ접수기간 :  2026년 01월 27일(화)  ~ 2026년 02월 06일(금) 
ㆍ면접일정 : 합격자에 한해 개별 안내 
ㆍ접수방법 : 사람인 입사지원 
유의사항
ㆍ입사 지원 서류 및 면접 시 응답 내용에 허위 사실이 발견될 경우, 채용확정 이후라도 채용이 취소될 수 있습니다.

사람인 공고 상세요강 입니다. 사람인(주)의 허가 없이 무단 복사 및 게재를 금합니다."
13,AI 에이전트,AI 서비스 기획 및 운영 매니저 (PM),메이즈(주),서울 강남구,경력3년↑,대졸↑,정규직,~ 03/09(월),https://www.saramin.co.kr/zf_user/jobs/relay/view?view_type=search&rec_idx=52765942&location=ts&searchword=AI+%EC%97%90%EC%9D%B4%EC%A0%84%ED%8A%B8&searchType=search&paid_fl=n&search_uuid=12ebc0de-9d46-4ec4-9fe8-af922641719d,52765942,서비스기획 앱기획 웹기획 PM(프로젝트매니저) 소프트웨어개발,2026-02-02 11:59:56,"운영 매뉴얼 전문화, AI 서비스 기획 및 프로젝트 리딩, 기업 성장을 위한 대외 전략 문서 수립, 임원진 의사결정 최적화를 위한 리포팅, 서비스 오퍼레이션 및 CRM 최적화","rounder' 마인드셋: 내 업무의 경계를 짓지 않고, 기획, 운영을 연결하여 비즈니스 임팩트를 낼 수 있는 분, 'All-rounder' 마인드셋: 내 업무의 경계를 짓지 않고, 기획-운영을 연결하여 비즈니스 임팩트를 낼 수 있는 분, 실전 AI 리터러시 (AI Literacy): Gemini, NotebookLM 등 LLM을 단순 검색용이 아닌, 업무 파트너로 능숙하게 활용하여 생산성을 획기적으로 높이거나 성과물을 만들어 본 경험., 논리적 사고: 복잡한 문제를 구조화하고, AI에게 정확한 프롬프트(지시)를 내려 원하는 결과를 얻어낼 수 있는 분, 원활한 커뮤니케이션: 복잡한 문제를 구조화하고, 개발자 등 다양한 직군과 원활히 소통하는 분, 실행력 및 오너십: 기획부터 운영까지 주도적으로 이끌며, 빠른 실행과 회고를 통해 빈틈을 메우며 서비스 결과를 만들 수 있는 분, 학습 민첩성: 매일 쏟아지는 새로운 AI 툴과 트렌드를 거부감 없이 받아들이고 즉시 업무에 적용해 보는 분, 경력: 경력 3년 이상 (연차보다 주도적인 업무 성향과 전반적인 기획력 중요하게 봅니다), 대학교졸업(4년)이상",,"08 09시 ~ 2026, 09 24시",,"연봉 4,000만원",응용 소프트웨어 개발 및 공급업,"AI 서비스 기획 및 운영 매니저 (PM)
AI 서비스 기획, PM, 운영지원
📋 주요업무
""서비스기획만 하는 기획자가 아닌, 서비스의 A to Z를 경험하며 '진짜 내 프로덕트'를 만들어갈 분을 찾습니다.""
 저희 메이즈는 AI 기술을 통해 오프라인 데이터의 가치를 재정의하기 위해 출발했습니다.
 기획부터 운영까지 폭넓게 리딩하는 올라운더를 모시는 이유는, 경영진의 눈과 귀가 되어 현장의 신호를 읽고 의사결정에 필요한 모든 문서를 전담하며 함께 달릴 분이 필요하기 때문입니다.
 비즈니스의 전체 흐름을 장악하고 리더십의 의도를 완벽하게 실행으로 옮기는 경험은 커리어에 최고의 기회가 될 것이며, 경계 없는 업무 수행을 통해 압도적인 성장을 경험하고 싶은 야망 있는 인재를 모십니다.
 메이즈는 AI툴을 적극 활용해 똑똑하게 일하는 스마트 워크를 지향합니다.
 기획부터 운영까지 폭넓은 업무를 담당하지만, 모든 것을 맨몸으로 부딪히는 것이 아닙니다. AI Agent 툴을 적극 활용하여 자신의 한계를 확장하고, 압도적인 생산성을 경험해 본 분을 찾습니다.
   1) AI 서비스 기획 및 프로젝트 리딩
 자사 AI 서비스(전시회 성과 분석, 매장 고객 분석 등)의 로드맵 수립 및 서비스 기획
AI 기반 업무 효율화: 기획서 작성, 로직 설계 등 업무 진행시 LLM을 활용하여 개발팀과 빠르고 명확하게 소통
서비스 고도화를 위한 자동화 프로세스 설계 및 일정 관리
  2) 기업 성장을 위한 대외 전략 문서 수립
 정부지원사업 총괄 기획: R&D 과제, 바우처 사업 등 메이즈의 AI 기술력을 입증하고 추가 자금을 확보하기 위한 정부지원사업계획서 기획 및 작성
  3) 임원진 의사결정 최적화를 위한 리포팅
 IR 피치덱 지원: IR Deck 업데이트 지원을 위한 데이터 취합 및 컨텐츠(텍스트 기준) 작성
경쟁사 및 시장 동향 분석: AI 서비스 및 오프라인 데이터 분석 시장의 변화를 모니터링하여 아이디어 보고
  4) 서비스 오퍼레이션 및 CRM 최적화
 서비스 운영 지원(KIT 관리, 출고) 및 고객 데이터(DB) 관리
자동화된 고객 관리: 타겟별/분류별 고객 CRM 시나리오를 기획하고, AI 에이전트를 활용해 운영 리소스 최소화
고객 반응 및 데이터를 분석하여 서비스 개선 인사이트 도출
현장 대응 매뉴얼 및 KIT 가이드: 전시회/박람회 현장에서 발생하는 변수를 통제하기 위한 기기 설치·운영 매뉴얼 전문화
고객사 커뮤니케이션
📋 자격요건
• 'All-rounder' 마인드셋: 내 업무의 경계를 짓지 않고, 기획-운영을 연결하여 비즈니스 임팩트를 낼 수 있는 분
• 실전 AI 리터러시 (AI Literacy): Gemini, NotebookLM 등 LLM을 단순 검색용이 아닌, 업무 파트너로 능숙하게 활용하여 생산성을 획기적으로 높이거나 성과물을 만들어 본 경험.
• 논리적 사고: 복잡한 문제를 구조화하고, AI에게 정확한 프롬프트(지시)를 내려 원하는 결과를 얻어낼 수 있는 분
• 원활한 커뮤니케이션: 복잡한 문제를 구조화하고, 개발자 등 다양한 직군과 원활히 소통하는 분
• 실행력 및 오너십: 기획부터 운영까지 주도적으로 이끌며, 빠른 실행과 회고를 통해 빈틈을 메우며 서비스 결과를 만들 수 있는 분
• 학습 민첩성: 매일 쏟아지는 새로운 AI 툴과 트렌드를 거부감 없이 받아들이고 즉시 업무에 적용해 보는 분
• 경력: 경력 3년 이상 (연차보다 주도적인 업무 성향과 전반적인 기획력 중요하게 봅니다)
•  대학교졸업(4년)이상
🏠 근무조건
• 고용형태 : 정규직 
• 급여 : 연봉 4,000만원 
• 근무지 : 서울 강남구 선릉로 551 새롬빌딩(디캠프선릉) 3층 
• 근무요일/시간 : 주 5일 (월~금) 09:30~18:30 
🚀 채용절차
접수기간 : 2026-01-08 09시 ~ 2026-03-09 24시
제출서류 : 자유양식 이력서
접수방법 : 사람인 입사지원
전형절차 : 1차 서류 → 2차 대면 면접 (CPO) → 3차 대면 면접 (CEO) → 최종 합격
🛎️ 유의사항
• 입사지원 서류에 허위사실이 발견될 경우, 채용확정 이후라도 채용이 취소될 수 있습니다.

사람인 공고 상세요강 입니다. 사람인(주)의 허가 없이 무단 복사 및 게재를 금합니다. Tomorrow runs on Data. MAZE "
14,AI 에이전트,연구행정 담당자 채용(3년 이상),코드비전(주),서울 서대문구,경력3년↑,대졸↑,계약직,18시마감,https://www.saramin.co.kr/zf_user/jobs/relay/view?view_type=search&rec_idx=52746493&location=ts&searchword=AI+%EC%97%90%EC%9D%B4%EC%A0%84%ED%8A%B8&searchType=search&paid_fl=n&search_uuid=12ebc0de-9d46-4ec4-9fe8-af922641719d,52746493,사무행정 경영지원 시각디자인,2026-02-02 12:00:09,"정부과제(R&D 등) 사업비 집행 및 정산, 행정 관리, 과제 협약변경예산 수립 및 보고서 작성 지원, 연구비 관리시스템(RCMS, IRIS, EZbaro 등) 입력 및 운영, 증빙자료 검토 및 관리, 감사/점검 대응 자료 준비, 예산 수립 및 보고서 작성 지원","경력 3년 이상, 대학교졸업(4년)이상 / 전공무관(연구행정 경험 우대), 꼼꼼하고 책임감 있게 세부 행정업무를 수행할 수 있는 분, 문서 작성 및 수치 정리에 능숙하신 분 (MS Office, 한컴 등), 내부 연구자 및 외부 기관과의 원활한 소통이 가능한 분","공학계열 전공자, 정부과제 행정/정산 실무 경험자, 연구비 관리 시스템(RCMS, IRIS, EZbaro 등) 사용 경험자, 회계, 연구행정, 사업관리 관련 자격증 보유자, 연구기관 등에서 다기능 업무 경험자","06 18시 ~ 2026, 02 18시",,월급 300만원,,"연구행정 담당자 채용
연구행정 담당자 채용
📋 회사소개
코드비전 주식회사는 자율 AI 에이전트 분야의 전문 기업으로, 혁신적인 기술력을 바탕으로 다양한 R&D 프로젝트와 정부 과제를 수행하며 빠르게 성장하고 있습니다. 
 📋 주요업무
 - 정부과제(R&D 등) 사업비 집행 및 정산, 행정 관리
- 과제 협약·변경·예산 수립 및 보고서 작성 지원
- 연구비 관리시스템(RCMS, IRIS, EZbaro 등) 입력 및 운영
- 증빙자료 검토 및 관리, 감사/점검 대응 자료 준비
 📋 자격요건
• 경력 3년 이상
• 대학교졸업(4년)이상 / 전공무관(연구행정 경험 우대)
• 꼼꼼하고 책임감 있게 세부 행정업무를 수행할 수 있는 분
• 문서 작성 및 수치 정리에 능숙하신 분 (MS Office, 한컴 등)
• 내부 연구자 및 외부 기관과의 원활한 소통이 가능한 분
 📋 우대사항
• 공학계열 전공자
• 정부과제 행정/정산 실무 경험자
• 연구비 관리 시스템(RCMS, IRIS, EZbaro 등) 사용 경험자
• 회계, 연구행정, 사업관리 관련 자격증 보유자
• 스타트업•연구기관 등에서 다기능 업무 경험자
🏠 근무조건
• 고용형태 : 계약직 3개월
• 급여 : 월급 300만원 
• 근무지 : 서울 서대문구 연세로 50 연세대학교 
🚀 채용절차
접수기간 : 2026-01-06 18시 ~ 2026-02-02 18시
제출서류 : 사람인 온라인 이력서
접수방법 : 사람인 입사지원
전형절차 : 서류전형 → 1차면접 → 최종합격 
🛎️ 유의사항
• 입사지원 서류에 허위사실이 발견될 경우, 채용확정 이후라도 채용이 취소될 수 있습니다.

사람인 공고 상세요강 입니다. 사람인(주)의 허가 없이 무단 복사 및 게재를 금합니다. ON5 "
15,AI 에이전트,웹 / SNS 제작물 디자인 모집 공고,(주)테라시스디앤씨,경기 남양주시,신입·경력,초대졸↑,정규직,~ 02/25(수),https://www.saramin.co.kr/zf_user/jobs/relay/view?view_type=search&rec_idx=52926238&location=ts&searchword=AI+%EC%97%90%EC%9D%B4%EC%A0%84%ED%8A%B8&searchType=search&paid_fl=n&search_uuid=12ebc0de-9d46-4ec4-9fe8-af922641719d,52926238,웹디자인 의료기기,2026-02-02 12:00:20,"온라인 커뮤니케이션 채널 디자인 (+기획 업무), 온라인 채널용 콘텐츠 : 제품 상세 페이지 / 배너 / SNS 자료, 브랜드 SNS 계정 일반 운영 업무, 디자인 부서 부서 소속으로 함께할 예정이에요.","신입 / 경력 3년 이상, 대학졸업(2,3년)이상, 보유역량: 해당직무 근무경험","워드프레스 & 제작툴 사용 경험, 간단한 영상 편집 + 생성형 AI 에이전트 활용 능력, 브랜드 CI/BI, 브랜드 비주얼 가이드 정리 및 관리, 인쇄물 디자인 (브로슈어, 리플렛, 카드, 태그, 포스터, 지류, 부스), 패키지 디자인 / 굿즈 디자인 (용기 및 금형, 후가공 & 샘플제작 외), 전시회 / 바이어용 세일즈 매터리얼 디자인, 이력서 및 포트폴리오, 주요 사용 어플리케이션 / 툴 기재, 희망 연봉 기재","26 17시 ~ 2026, 25 24시","리프레시 : 연차, 여름휴가, 반차, 근로자의날 휴무, 공휴일 휴무, 급여제도 : 퇴직연금, 4대 보험, 교육/생활 : 점심식사 제공, 저녁식사 제공, 간식 제공, 식비 지원, 음료제공(차,커피), 조직 문화 : 회식강요 안함, 자유복장, 자유로운 연차사용, 선물 : 명절선물/귀향비, 근무 환경 : 휴게실, 회의실, 공기청정기, 콘도/리조트 이용권, 사무용품 지급, 출퇴근 : 주차장제공",면접 후 결정,,"웹 / SNS 제작물 디자인 모집 공고
웹/SNS 제작물 디자인 (1명)
📋 주요업무
- 온라인 커뮤니케이션 채널 디자인 (+기획 업무)
- 온라인 채널용 콘텐츠 : 제품 상세 페이지 / 배너 / SNS 자료
- 브랜드 SNS 계정 일반 운영 업무
• 디자인 부서 부서 소속으로 함께할 예정이에요.
📋 자격요건
• 신입 / 경력 3년 이상
• 대학졸업(2,3년)이상
• 보유역량: 해당직무 근무경험
📋 우대사항
- 워드프레스 & 제작툴 사용 경험
 - 간단한 영상 편집 + 생성형 AI 에이전트 활용 능력
- 브랜드 CI/BI
- 브랜드 비주얼 가이드 정리 및 관리
- 인쇄물 디자인 (브로슈어, 리플렛, 카드, 태그, 포스터, 지류, 부스)
- 패키지 디자인 / 굿즈 디자인 (용기 및 금형, 후가공 & 샘플제작 외)
- 전시회 / 바이어용 세일즈 매터리얼 디자인
 제출 서류
- 이력서 및 포트폴리오
- 주요 사용 어플리케이션 / 툴 기재
- 희망 연봉 기재
🏠 근무조건
• 고용형태 : 정규직(수습 2개월) 
• 급여 : 면접 후 결정 
• 근무지 : 경기 남양주시 별내동 975-1 별내역 파라곤스퀘어, N동 11층 1101~1108호 
• 근무요일/시간 : 주 5일(월~금) 09:30~18:30 
🎁 복지 및 혜택
• 리프레시 : 연차, 여름휴가, 반차, 근로자의날 휴무, 공휴일 휴무
• 급여제도 : 퇴직연금, 4대 보험
• 교육/생활 : 점심식사 제공, 저녁식사 제공, 간식 제공, 식비 지원, 음료제공(차,커피)
• 조직 문화 : 회식강요 안함, 자유복장, 자유로운 연차사용
• 선물 : 명절선물/귀향비
• 근무 환경 : 휴게실, 회의실, 공기청정기, 콘도/리조트 이용권, 사무용품 지급
• 출퇴근 : 주차장제공
🚀 채용절차
접수기간 : 2026-01-26 17시 ~ 2026-02-25 24시
제출서류 : 사람인 온라인 이력서
접수방법 : 사람인 입사지원 
전형절차 : 서류전형 → 1차면접 → 최종합격 
🛎️ 유의사항
• 입사지원 서류에 허위사실이 발견될 경우, 채용확정 이후라도 채용이 취소될 수 있습니다.

사람인 공고 상세요강 입니다. 사람인(주)의 허가 없이 무단 복사 및 게재를 금합니다. '1 "
16,AI 에이전트,"[플랜아이] SNS 운영 및 온라인 홍보, 콘텐츠 기획자(PM) 모집",(주)플랜아이,대전 유성구,경력3년↑,학력무관,정규직,~ 03/30(월),https://www.saramin.co.kr/zf_user/jobs/relay/view?view_type=search&rec_idx=52959164&location=ts&searchword=AI+%EC%97%90%EC%9D%B4%EC%A0%84%ED%8A%B8&searchType=search&paid_fl=n&search_uuid=12ebc0de-9d46-4ec4-9fe8-af922641719d,52959164,블로그마케팅 SNS마케팅 콘텐츠기획 디지털마케팅,2026-02-02 12:00:36,,,,,,,응용 소프트웨어 개발 및 공급업,사람인 공고 상세요강 입니다. 사람인(주)의 허가 없이 무단 복사 및 게재를 금합니다.
17,AI 에이전트,[플랜아이] PM(PM·웹기획) 채용,(주)플랜아이,대전 유성구,경력2년↑,학력무관,정규직,~ 04/02(목),https://www.saramin.co.kr/zf_user/jobs/relay/view?view_type=search&rec_idx=52977067&location=ts&searchword=AI+%EC%97%90%EC%9D%B4%EC%A0%84%ED%8A%B8&searchType=search&paid_fl=n&search_uuid=12ebc0de-9d46-4ec4-9fe8-af922641719d,52977067,서비스기획 웹기획 PL(프로젝트리더) PM(프로젝트매니저) 트렌드분석,2026-02-02 12:00:42,,,,,,,응용 소프트웨어 개발 및 공급업,사람인 공고 상세요강 입니다. 사람인(주)의 허가 없이 무단 복사 및 게재를 금합니다.
18,AI 에이전트,서비스 기획 담당자,(주)케어랩스,서울 강남구,경력3년↑,대졸↑,정규직,~ 02/12(목),https://www.saramin.co.kr/zf_user/jobs/relay/view?view_type=search&rec_idx=52822433&location=ts&searchword=AI+%EC%97%90%EC%9D%B4%EC%A0%84%ED%8A%B8&searchType=search&paid_fl=n&search_uuid=12ebc0de-9d46-4ec4-9fe8-af922641719d,52822433,사업기획 서비스기획 웹기획 전략기획 PL(프로젝트리더),2026-02-02 12:00:48,,,포트폴리오 첨부 필수,"서류접수 : 공고를 확인하고 자유 양식의 이력서 및 경력기술서, 포트폴리오 등을 제출합니다. (출신 지역, 신체 정보, 가족 사항 등 직무와 관계없는 정보는 기재하지 않습니다.) 커피챗 : 현업 담당자와 만나 실무 역량에 관해 간단하게 이야기를 나눕니다. 통합인터뷰 : 직무 역량과 경험, 케어랩스의 핵심 가치, 문화에 대해 이야기하고 적합성을 살펴봅니다. (실무인터뷰와 컬처핏인터뷰는 통합 진행될 수 있습니다.) 처우 협의 : 처우를 협의하고 입사일을 조율합니다. 최종 합격 단계 전 후보자의 동의 하에 평판 조회를 할 수 있습니다. 절차는 직무 및 경력 사항 등에 따라 변경될 수 있습니다. 접수기간 및 방법 접수기간 : 2026년 02월 12일 마감 접수방법 : 홈페이지 지원 안내사항 국가보훈대상자 및 장애인은 관계 법령에 의거해 우대합니다. 지원서 내용 중 허위사실이 있는 경우에는 전형 진행과 합격이 취소될 수 있습니다. 사람인 공고 상세요강 입니다. 사람인(주)의 허가 없이 무단 복사 및 게재를 금합니다.","을 보장 받습니다. 전형절차 서류접수 : 공고를 확인하고 자유 양식의 이력서 및 경력기술서, 포트폴리오 등을 제출합니다. (출신 지역, 신체 정보, 가족 사항 등 직무와 관계없는 정보는 기재하지 않습니다.) 커피챗 : 현업 담당자와 만나 실무 역량에 관해 간단하게 이야기를 나눕니다. 통합인터뷰 : 직무 역량과 경험, 케어랩스의 핵심 가치, 문화에 대해 이야기하고 적합성을 살펴봅니다. (실무인터뷰와 컬처핏인터뷰는 통합 진행될 수 있습니다.) 처우 협의 : 처우를 협의하고 입사일을 조율합니다. 최종 합격 단계 전 후보자의 동의 하에 평판 조회를 할 수 있습니다. 절차는 직무 및 경력 사항 등에 따라 변경될 수 있습니다. 접수기간 및 방법 접수기간 : 2026년 02월 12일 마감 접수방법 : 홈페이지 지원 안내사항 국가보훈대상자 및 장애인은 관계 법령에 의거해 우대합니다. 지원서 내용 중 허위사실이 있는 경우에는 전형 진행과 합격이 취소될 수 있습니다. 사람인 공고 상세요강 입니다. 사람인(주)의 허가 없이 무단 복사 및 게재를 금합니다.",,광고업,"주식회사 케어랩스
서비스 기획 담당자
우리 회사에 대해 알아보세요 :)
케어랩스는 의료 정보의 불균형을 해소하고, 누구나 쉽고 편리하게 의료 서비스를 이용할 수 있도록
혁신을 선도하는 디지털 헬스케어 기업입니다.
우리는 정교한 타겟팅과 최적의 온라인 퍼포먼스 마케팅을 통해 병의원, 교육, 쇼핑 등 다양한 분야의 고객사와 잠재 고객을
효과적으로 연결하며, 비즈니스의 성장과 가치를 극대화하는 Digital Marketing 사업과, 예약부터 보험 청구, 자동 문자 전송,
통계 분석까지 고객 관리를 더욱 효율적으로 돕는 CRM 솔루션을 제공하여 병의원 운영을 최적화합니다. 나아가, 접수 및 수납 등
병원의 핵심 업무에 IT 기술을 접목한 키오스크와 원무·진료 효율화 솔루션을 통해 Smart Hospital 환경을 구축하며,
의료 서비스의 질을 한 단계 끌어올리고 있습니다. 그뿐만 아니라, 국내 1위 의료 인력 구인·구직 플랫폼 ‘메디잡’과
간호 인력 양성 전문 ‘리더스 학원’을 운영하며, 의료 산업의 인재 육성 및 채용 시장 활성화에도 기여하고 있습니다.
또한 자회사로 대한민국 1등 성형&시술 정보 플랫폼인 바비톡, 환자와 병원을 효과적으로 연결하고 최상의 의료 경험을 제공을 위해
노력하는 굿닥, 진료에서 투약까지 처방 전달 등 의료 정보 분야에서 선도적 역할을 수행 중인 이디비가 있습니다.
케어랩스는 기존의 사업 경계를 뛰어넘어 더 큰 혁신과 성장을 이루기 위해 끊임없이 도전합니다.
헬스케어와 뷰티케어 산업의 미래를 함께 개척해 나갈 열정적이고 도전적인 케어랩스의 인재를 기다립니다.
사업부 소개
DM 사업부는 병의원·헬스케어·뷰티케어 분야 광고주를 중심으로 한 전문 디지털 마케팅 조직입니다.
특히 병의원 및 헬스케어 광고주에 특화된 경험과 노하우를 바탕으로, 정교한 타겟팅과 데이터 기반 퍼포먼스 마케팅을 통해
광고주의 성장을 견인합니다. 굿닥, 바비톡과 같은 자회사 플랫폼과는 별도로, 우리 사업부는 플랫폼 운영이 아닌 광고주의
디지털 성장 파트너로서 역할을 하고 있습니다. 즉, 고객사가 더 많은 환자·고객과 연결될 수 있도록 맞춤형 디지털마케팅
전략을 직접 실행하며, 업계에서 가장 신뢰받는 헬스케어 마케팅 파트너로서 성장하고자 끊임없이 도전합니다.
모집부문
모집부문 담당업무 필수자격 및 우대사항
서비스 기획
담당자 ㆍ자사 광고 관리 플랫폼 서비스의 중장기
   로드맵 기반 서비스 기획 및 실행 관리
ㆍ서비스 UI/UX 리뉴얼 기획
   (PC Web, Mobile Web)
ㆍAI 기반 광고 운영 자동화 기획
ㆍ데이터 기반 통합 운영 대시보드 기획
ㆍ지속적인 서비스 고도화 기획 지원 자격
ㆍ유관 경력 3년 이상이신 분
ㆍB2B 플랫폼 또는 내부 운영 시스템을 기획해 보신 분
   - 포트폴리오 첨부 필수
ㆍUX 구조 설계 및 사용자 흐름 기반 화면 기획
   경험을 보유하신 분
ㆍSQL,GA 등 데이터 분석 도구를 활용한 데이터 기반
   서비스 개선 경험을 보유하신 분
ㆍ개발 프로세스 전반에 대한 이해를 바탕으로
   다양한 조직 간 협업 경험을 보유하신 분

기술스택
ㆍFigma, Confluence
ㆍJira, Slack, SQL,
ㆍGoogle Analytics 4 (GA4)

우대 사항
ㆍ광고/마케팅 SaaS 경험을 보유하신 분
ㆍ캠페인, 소재, 매체 API 등 광고 운영 프로세스에 대한
   이해도가 높으신 분
ㆍAI 기반 자동화 서비스 또는 AI Agent 기능
   기획 경험을 보유하신 분
ㆍFigma, 디자인 툴 활용 역량이 우수하신 분
ㆍ오피스, 구글 스프레드시트 등 오피스 프로그램
   활용 역량이 우수하신 분
필독사항
ㆍ본 채용은 수시 진행으로 우수 인재 채용 시 마감될 수 있습니다.
ㆍ3개월 이내에 동일한 포지션 중복 지원은 불가합니다.
ㆍ입사 시 3개월의 수습 기간이 있으며, 수습 기간에도 같은 급여와 복리후생을 보장 받습니다.
전형절차

ㆍ서류접수 : 공고를 확인하고 자유 양식의 이력서 및 경력기술서, 포트폴리오 등을 제출합니다.
   (출신 지역, 신체 정보, 가족 사항 등 직무와 관계없는 정보는 기재하지 않습니다.)
ㆍ커피챗 : 현업 담당자와 만나 실무 역량에 관해 간단하게 이야기를 나눕니다.
ㆍ통합인터뷰 : 직무 역량과 경험, 케어랩스의 핵심 가치, 문화에 대해 이야기하고 적합성을 살펴봅니다.
   (실무인터뷰와 컬처핏인터뷰는 통합 진행될 수 있습니다.)
ㆍ처우 협의 : 처우를 협의하고 입사일을 조율합니다.
ㆍ최종 합격 단계 전 후보자의 동의 하에 평판 조회를 할 수 있습니다.
ㆍ절차는 직무 및 경력 사항 등에 따라 변경될 수 있습니다.
접수기간 및 방법
ㆍ접수기간 : 2026년 02월 12일 마감
ㆍ접수방법 : 홈페이지 지원
안내사항
ㆍ국가보훈대상자 및 장애인은 관계 법령에 의거해 우대합니다.
ㆍ지원서 내용 중 허위사실이 있는 경우에는 전형 진행과 합격이 취소될 수 있습니다.

사람인 공고 상세요강 입니다. 사람인(주)의 허가 없이 무단 복사 및 게재를 금합니다."
19,AI 에이전트,(주)제논 IR담당자 채용,(주)제논,서울 강남구,경력 5~10년,대졸↑,정규직,~ 03/31(화),https://www.saramin.co.kr/zf_user/jobs/relay/view?view_type=search&rec_idx=52970414&location=ts&searchword=AI+%EC%97%90%EC%9D%B4%EC%A0%84%ED%8A%B8&searchType=search&paid_fl=n&search_uuid=12ebc0de-9d46-4ec4-9fe8-af922641719d,52970414,IR/공시 SI·시스템통합 솔루션업체 소프트웨어개발,2026-02-02 12:00:56,"사업보고서 등 정기/수시 공시 업무 등 거래소/금감원 공시 전반, 공시시스템 공시 체계 구축 및 운용 준비, 이사회 안건 기획 및 자료 작성 취합, 일정 관리, 소집 통지, 의사록 작성 및 보고, 정기 주주총회 계획 수립, 일정 절차 관리, 소집공고, 참고서류, 의안 설명자료 작성 및 현장 운영, 주주명부 및 주식 변동 내역 관리, 투자자 관계 관리: 기관 투자자 및 애널리스트 상시 커뮤니케이션, 자사주/스톡옵션 등 주식사무 업무 보조, 기업 소개 자료 등 IR 콘텐츠 제작, 거래소 심사 과정에서의 상장예비심사 보완 자료 작성 지원, 기타 IR제반 업무 (IR 모니터링, 주식사무, 주주 대응 관련업무), 이사회 및 주주총회 운영, 주식 및 주주 관리","경력 5년 이상 ~ 10년 이하, 대학교졸업(4년)이상, 학사이상, 상장사 IR 또는 공시 관련 실무 경력 5년~10년, 상법 및 자본시장법과 상장 규정에 대한 기본 지식 보유자, 재무제표 및 경영지표 해석분석 능력, 논리적인 문서 작성 능력 및 대내외 커뮤니케이션 역량","코스닥/코스피 상장 과정 경험자, 증권사 IPO팀, 상장사 공시책임자 경력, 주요 기관 투자자 및 증권사 애널리스트, 언론사 소통 경험자, 적극적이고 긍정적인 마인드 가지신분","30 17시 ~ 2026, 31 24시",,면접 후 결정,경영 컨설팅업,"(주)제논 IR담당자 채용
IR
📋 주요업무
당사는 인공지능 솔루션 회사로 AI Agent를 손쉽게 생성/활용할 수 있는 GenOS라는 플랫폼을 주력 제품으로 하고 있습니다.
 올해 상장을 준비 중에 있으며, (연내 상장 완료 목표)
상장 준비 과정을 함께하고 이후, 상장사에서 공시, IR을 담당할 우수인재를 모집하고 있습니다.
 1) 공시업무
• 사업보고서 등 정기/수시 공시 업무 등 거래소/금감원 공시 전반
• 공시시스템 공시 체계 구축 및 운용 준비
 2) 이사회 및 주주총회 운영
 • 이사회 안건 기획 및 자료 작성 취합, 일정 관리, 소집 통지, 의사록 작성 및 보고
 • 정기 주주총회 계획 수립, 일정 절차 관리, 소집공고, 참고서류, 의안 설명자료 작성 및 현장 운영
 3) 주식 및 주주 관리
 • 주주명부 및 주식 변동 내역 관리
 • 투자자 관계 관리: 기관 투자자 및 애널리스트 상시 커뮤니케이션
 • 자사주/스톡옵션 등 주식사무 업무 보조
 4) IR
• 기업 소개 자료 등 IR 콘텐츠 제작
• 거래소 심사 과정에서의 상장예비심사 보완 자료 작성 지원
• 기타 IR제반 업무 (IR 모니터링, 주식사무, 주주 대응 관련업무)
📋 자격요건
• 경력 5년 이상 ~ 10년 이하
• 대학교졸업(4년)이상
• 학사이상, 상장사 IR 또는 공시 관련 실무 경력 5년~10년
• 상법 및 자본시장법과 상장 규정에 대한 기본 지식 보유자
• 재무제표 및 경영지표 해석분석 능력
• 논리적인 문서 작성 능력 및 대내외 커뮤니케이션 역량
📋 우대사항
• 코스닥/코스피 상장 과정 경험자
• 증권사 IPO팀, 상장사 공시책임자 경력
• 주요 기관 투자자 및 증권사 애널리스트, 언론사 소통 경험자
• 적극적이고 긍정적인 마인드 가지신분
🏠 근무조건
• 고용형태 : 정규직(수습 3개월) 
• 급여 : 면접 후 결정 
• 근무지 : 서울 강남구 남부순환로 2621 디앤오강남빌딩 
🚀 채용절차
접수기간 : 2026-01-30 17시 ~ 2026-03-31 24시
제출서류 : 사람인 온라인 이력서
접수방법 : 사람인 입사지원
전형절차 : 서류전형 → 실무면접 → CEO면접 → 처우협의 → 최종합격
🛎️ 유의사항
• 입사지원 서류에 허위사실이 발견될 경우, 채용확정 이후라도 채용이 취소될 수 있습니다.

사람인 공고 상세요강 입니다. 사람인(주)의 허가 없이 무단 복사 및 게재를 금합니다. "
20,AI 에이전트,[라보레브] 화장품 브랜드 마케터 신입 및 경력 채용,주식회사 에이치이엠파마,경기 수원시 영통구,경력무관,대졸↑,계약직,채용시,https://www.saramin.co.kr/zf_user/jobs/relay/view?view_type=search&rec_idx=52931016&location=ts&searchword=AI+%EC%97%90%EC%9D%B4%EC%A0%84%ED%8A%B8&searchType=search&paid_fl=n&search_uuid=12ebc0de-9d46-4ec4-9fe8-af922641719d,52931016,블로그마케팅 브랜드마케팅 온라인마케팅 마케팅 건강보조식품,2026-02-02 12:01:11,,,,,,면접 후 결정,"물리, 화학 및 생물학 연구개발업","      
사람인 공고 상세요강 입니다. 사람인(주)의 허가 없이 무단 복사 및 게재를 금합니다. were hring: 에이치이넥파마에서 당신의 성장을 시작하세요 신사업개발팀 신입&경력 공개 채용 접수 기간 채용 분야 '2025.12.04 채용 시 마켓터 디자이너 지원 방법 전형 절차 온라인 이력서 제출 ' 1차면접 > 2차면접 (포트플리오 필수 제출) 처후[약>  최종합격 SkeMFhams Position 마캐터 주요 업무 (1) 디지럽온라인 마켓팅 운영 이커머스 플렉품 운영 SNS 채널 운영 및 근렌츠 마켓팅 온라인 광고 집행 및 성과 분석 (2) 마켓팅 존렌츠 제작 및 관리 제품 상세폐이지 브랜드 스토리 프로모선 근렌츠 기획 제작 촬영 혼렌츠 (확 및 제작 관리 (제품 이미지 모델 컷 영상등) (3) 협력사 및 인플루언서 관리 마켓팅 에이전시 디자인 업체  굳렌츠 제작사 협업 인플루언서 분티 크리에이터 협업 기획 및 운영 -제품 셈플림, 체험단 운영 바이월 마켓팅 (4) 화장품 신제품 개발 지원 -제품 개발 업체 핸들림 지원 타켓 고객 분석 및 시장 트랜드 리서지 자격 요건 대즉(4년제) 이상 신입 또는 경력 3년 이하 포트플리오 필수 제출 우대 사랑 화장품 분티 브랜드 마켓팅 경험 보유자 브랜드런칭 또는 리뉴얼 프로적트 참여 경험 광고 진행 경험 데이터 분석 늘력 보우자 근무 조건 계약직 (1년 시점 정규직 전환 심사 후 전환 가능   결격 사유 없는 한 전환) 급여: 면접 후 결정 근무지: 경기 수원시 영통구 창콩대로256번길 712호 Position '디자이너 주요업무 (1) 화장품 제품 때키지 디자인 신제품 및 리뉴얼 제품의 용기 디자인 기획 및 제작 브랜드 아이데티터 기반 디자인 컨섭 수립 제푹 라인업 체계화 및 시리즈 디자인 관리 (2) 웬 및 인쇄물 디자인 -제품 상세폐이지 디자인 브랜드 근렌츠 디자인 (배너 포스터 POP (3) 협력업체 커유니키이선 및 관리 용기 패키지 제조업체 견적 요청 및 비교 분석 외주업체 남기 관리 및 제작 프로세스 조율 '(4) 신제품 개발 지원 디자연 활용한 시안 제작 자격 요건 대출(4년제) 이상 경력 ?녀 이상 5녀 이하 포트플리오 필수 제출 우대 사학 화장품 분티 업계 패키지 디자인 경력 보유자 우대 Al 디자인 틀 활용 능력 보유자 브랜드런칭 또는 리뉴얼 프로적트 참여 경험 영상 편집 능력 보유자 (프리미어 애프터이<트등) 근무 조건 계약직 (7년 시점 정규직 전환 심사 후 전환 가능 결격 사유 없는 한 전환) 급여: 면접 결정 근무지: 경기 수원시 영통구 창콩대로256번길 712호 About Brand 에이치이넥파마 화장품 브랜드 2개월만에 폭발적인 성장을 '활부렉스: 니다. 브랜드 연간 매출 성장률 출시 2개월만에 화해 +40096 성장  어워드 1위 글로벌 유통 플렉품 해외 진출 확정 국가 shopee 입점 +5개 예정 98 Laboreve About Company 에이치이'파마는 여러분의 성장과 미래틀 지원합니다. 자율근무제 생일 휴가 님 호청 문화 13-16시 코어 근무제 시행 매년 1회 지급 수평적 조직 문회 [m] 점심 식대 지원 경조사 지원 보지포이트 지급 일 5시간 이상 근무자 기쁨 일도 슬프 일도 함께 매달 튼튼한 포인트 지급 [ 장기 근속 휴가 사내도서관 운영 종합 건강검진 지원 휴식과 여유름 통한 리프레시 성장을 위한 도서 무한 지원 '1년 이상 근무자 지원 Recruitment Process 서류 접수 면접 '2차 면접 처우 협의 최종 합격 지원 방법 온라인 서류 접수 지원 서류 자유 양식 이력서 (필수) 포트플리오 (필스) 경력기술서 (선택) Important Notice 본 공고는 채용 완료 시 조기 마감월 있습니다: 제출서류에 허위사실이 발견월 경우 채용 확정 이후라도 채용이 취소되 있습니다. ' "
21,AI 에이전트,크리에이터 SaaS 툴 그로스 마케터,(주)에이아이썸,서울 강남구,경력 2~10년,대졸↑,정규직,~ 02/25(수),https://www.saramin.co.kr/zf_user/jobs/relay/view?view_type=search&rec_idx=52920416&location=ts&searchword=AI+%EC%97%90%EC%9D%B4%EC%A0%84%ED%8A%B8&searchType=search&paid_fl=n&search_uuid=12ebc0de-9d46-4ec4-9fe8-af922641719d,52920416,마케팅전략 SNS마케팅 콘텐츠기획 광고마케팅,2026-02-02 12:01:30,,,,,,,응용 소프트웨어 개발 및 공급업,"(주)에이아이썸
크리에이터 SaaS 툴 그로스 마케터
에이아이썸, Vision AI 기술을 통해 디지털 분야의 다양한 문제를 해결합니다.
    폭발적으로 성장하고 성과를 만드는 중인 회사입니다.
ㆍ22년 흑자 전환을 시작으로 안정적인 영업 이익을 만들고 있어요.
ㆍ24년 미국, 태국, 인도네시아 시장에 진출했으며, 25년에는 미국 법인을 설립했어요.
ㆍ대한민국 산업대상 AI 광고플랫폼 부문 K-ICT대상, 중소기업 R&D 우수성과 중소벤처기업부 장관상,
   포브스 코리아 선정 2025 AI AGENT 부문 고객신뢰도 1위, 대한민국인터넷대상 등 양질의 기술력을 시장에서 인정받고 있어요.
ㆍ27년 기술특례상장을 목표로 회사는 준비하고 있으며, 구성원들에게 스톡옵션의 기회를 드리고 있어요.

0 to 1, 에디브이는 크리에이터 제휴 수익 시장을 AI로 혁신합니다.
ㆍ크리에이터 콘텐츠 제휴 수익 최적화 도구 SaaS ‘에디브이' 서비스를 운영합니다.
ㆍ에이아이썸이 보유한 기존의 성공 경험(Aedi-A)과 브랜드 풀을 적극 활용하며, 가파른 성장을 시작하고 있습니다.
   (론칭 2개월, 300명 크리에이터의 가입 유저 획득)
ㆍ쿠팡 파트너스와의 협업을 시작으로, 많은 커머스 브랜드들과 협업을 논의 중에 있습니다.
ㆍ크리에이터들의 높은 관심을 받고 있어요.

에디브이 소개 인플루언서
- 인공지능 활용법 소개 17만 유튜버 알린 :
   https://youtube.com/shorts/5K-U8VyrdZM?si=VCJoPivsxDOj4Sz
- 경제&자기개발 분야 43만 유튜버 시골쥐의 도시생활 :
   https://youtube.com/shorts/pLleFWWMHfk?si=MCSEG_vaB3Lxb6dx
- SNS 수익화 클래스 멘토 오늘 유정 :
   https://www.instagram.com/reel/DRrhbOcCYxR/

에이아이썸은 기사와 광고를 연결하는 Aedi-A의 성공 노하우를 바탕으로,
SNS영상과 제휴 수익 링크를 연결하는 Aedi-V를 출시했어요. 이러한 사업 확장에 따라,
크리에이터 타깃 마케팅 분야의 혁신을 함께 시작할 AI 솔루션(AediV) SaaS 툴의 마케터 채용하고 있어요.

본 포지션의 마케터는 SNS 영상-제휴 수익 링크 매칭 도구 AediV(에디브이)의 시장 확대를 위한
마케팅 전략 수립 및 실행을 담당합니다.
Looking for a new member
이러한 사람을 찾고있어요
크리에이터 SaaS 툴 그로스 마케터
[주요업무] ㆍ에디브이 User Acquisition : 크리에이터 SaaS 툴 AediV의 잠재고객(리드) 확보를 위한
   모든 마케팅 전략을 수립하고 실행합니다.
ㆍ채널 발굴 및 운영/관리 : 고객(크리에이터)의 수익화를 도울 수 있는 적합한 브랜드와의 사업 제휴를
   진행하기 위한 활동을 기획 및 진행합니다.
ㆍ매력적인 콘텐츠 기획/제작 : 잠재고객의 공감을 얻을 수 있는 매력적인 마케팅 컨텐츠를 기획하고 제작합니다.
ㆍ성과 측정 및 개선 : 메타, 구글, 네이버 등 광고 채널의 효과 및 효율을 측정/관리하고,
   데이터 기반으로 최적화 작업을 수행합니다.
ㆍ솔루션 CRM 마케팅 : 유저 활성화를 위한 솔루션 내 콘텐츠 개선과 CRM 활동을 진행합니다.
[자격요건] ㆍ크리에이터 대상 플랫폼 또는 솔루션 마케팅 분야에서 성공적인 전환 성과를 만들어 보신 분
ㆍUA를 목표로 타겟 페르소나 및 소구점 기획, 온오프라인의 활동을 진행해보신 분
ㆍ고객 인터뷰를 통해 핵심 메시지를 도출하고, 이를 활용하여 설득력 있는 스토리텔링을 할 수 있는
   뛰어난 역량을 보유하신 분
ㆍ자체 콘텐츠 기획 / 제작 및 SNS, PR 관리 경험이 있으신 분
[우대사항] ㆍ크리에이터(인플루언서) 관련 마케팅 도구 발전 등을 잘 파악하고 계신 분
ㆍ광고 소재에 대한 기획, 제작부터 매체 운영까지 전영역을 직접 핸들링한 경험이 있는 분
ㆍ신사업의 폭발적인 성장을 위해 복잡하고 도전적인 문제를 정의하고, 해결책을 찾고 실행까지 하고 싶은 분
Working Environment
이렇게 지원해 주세요
근무형태 ㆍ정규직 급여 ㆍ면접 후 결정
근무일시 ㆍ근무시간(09:00~18:00)
ㆍ휴게시간(12:00~13:00) 근무지 ㆍ서울 강남구 선릉로 578 태정빌딩 6층
A Variety Of Benefits
임직원들을 위해 준비했어요
ㆍ중식 식대 지원 : 연봉 외 식대보조금
   연 240만원 지원 ㆍ업무 강도에 따른 추가 보상 : 기여도와
   성과에 따른 인센티브제, 성과제 운영
ㆍ반기별 우수사원/표창 및 포상 :
   우수사원 표창 및 포상 제도 운영 ㆍ자유로운 휴가 제도 : 효율적인 시간 관리를
   위한 자율적인 휴가 사용 권장
ㆍ설/추석 선물 및 상품권 지급 등    
Recruit Process
이렇게 진행 예정이에요
  How To Apply
이렇게 지원해 주세요
접수기간 ㆍ채용 시 마감
접수방법 ㆍ사람인 입사지원
이력서양식 ㆍ사람인 이력서 양식
Check Point
지원하기 전 참고해주세요
유의사항 ㆍ입사지원 서류에 허위사실이 발견될 경우, 채용확정 이후라도 채용이 취소될 수 있습니다.
ㆍ모집분야별로 마감일이 상이할 수 있으니 유의하시길 바랍니다.

사람인 공고 상세요강 입니다. 사람인(주)의 허가 없이 무단 복사 및 게재를 금합니다."
22,AI 에이전트,[영업] B2B Sales(2년이상),(주)혜움,서울 강남구,경력2년↑,고졸↑,정규직,~ 02/06(금),https://www.saramin.co.kr/zf_user/jobs/relay/view?view_type=search&rec_idx=52742715&location=ts&searchword=AI+%EC%97%90%EC%9D%B4%EC%A0%84%ED%8A%B8&searchType=search&paid_fl=n&search_uuid=12ebc0de-9d46-4ec4-9fe8-af922641719d,52742715,기술영업 영업관리 영업지원 영업직,2026-02-02 12:01:37,,,"B2B Sales (2년이상) 혜움의 모든 제품/서비스에 대한 깊이 있는 지식을 갖추고 경쟁사들의 상황을 파악합니다. 마케팅 부서와 협력하여 리드 볼륨을 늘리기 위한 Inbound/Outbound 캠페인을 관리합니다. CRM에 고객 정보와 영업 활동 내용을 정확하게 기록하고 최신 상태로 유지합니다. 단순한 미팅을 상품 소개로 끝내는 것이 아니라, 다양한 수단을 이용하여 BANT (예산, 결정권자, 니즈, 타임라인)가 확보된 영업 기회를 확보합니다. 영업 과정에서 딜이 성사되지 않은 이유 및 그에 따른 Action Items 를 관리합니다. 혜움만의 Sales Playbook 을 관리하고, Lessons Learned 을 기반으로 지속적으로 발전시켜나갑니다. 필수사항 신속하고 역동적인 업무 환경에 잘 적응하며 성과를 낼 수 있는 분 다른 사람들과 협력하고 혜움내 여러 팀과 커뮤니케이션을 즐기는 분 성과 중심적이고 경쟁적인 팀 문화에서 일하고 싶으신 분 B2B 또는 초기 스타트업 등 도전적인 환경에서 1년 이상의 세일즈 경험을 가진 분 본인만의 성공적인 세일즈 플레이북을 관리하고 계신 분 우대사항 '아웃바운드' 활동만으로 월/분기 매출 목표를 초과 달성해 본 경험이 있는 분 재무 관련 B2B 제품/서비스 영업 경험을 보유하신 분 창업 경험이 있으신 분 앞으로 함께 더 많은 복리후생을 만들어가요 혜움은 구성원들을 어떻게 돌보나요? 일에 몰입할 수 있도록 돕습니다. 스톡옵션의 기회가 열려있습니다. 최대 주 1회 몰입워크 가능해요(일하고 싶은 곳 아무데서나!) 유연하게 출근하세요(8:00~11:00 출근 / 17:00~20:00 퇴근) 자유로운 휴가 사용, 출산 휴가, 육아 휴직, 육아기 근로 단축 지원해요 배우자를 포함한 건강검진이 매년 제공됩니다. 매월 첫 수요일 가족의 날 조기 퇴근, 생일자 조기 퇴근 할 수 있어요 전문가로 성장하실 수 있도록 지원합니다. 업계에서 잘나가는 전문가가 될 수 있도록, AI리터러시/직무 교육을 지속적으로 지원해요 기타 역량 개발 교육비 지원 (150만원 한도) 해줘요 교육 연차도 제공됩니다. 자격증 취득 및 외부 세미나/교육 출강시 상품권 지급해요 (주)혜움와 함께 할","* 시니어일 경우, 평판조회를 요청드릴 수 있습니다. * 필요할 경우, CEO 커피챗 진행 가능합니다. 열정적인 당신의 지원을 기다립니다 접수기간 및 방법 접수기간 : 채용시 마감 접수방법 : 사람인 온라인 입사지원 놓치지 말아야 할","을 만들어가요 혜움은 구성원들을 어떻게 돌보나요? 일에 몰입할 수 있도록 돕습니다. 스톡옵션의 기회가 열려있습니다. 최대 주 1회 몰입워크 가능해요(일하고 싶은 곳 아무데서나!) 유연하게 출근하세요(8:00~11:00 출근 / 17:00~20:00 퇴근) 자유로운 휴가 사용, 출산 휴가, 육아 휴직, 육아기 근로 단축 지원해요 배우자를 포함한 건강검진이 매년 제공됩니다. 매월 첫 수요일 가족의 날 조기 퇴근, 생일자 조기 퇴근 할 수 있어요 전문가로 성장하실 수 있도록 지원합니다. 업계에서 잘나가는 전문가가 될 수 있도록, AI리터러시/직무 교육을 지속적으로 지원해요 기타 역량 개발 교육비 지원 (150만원 한도) 해줘요 교육 연차도 제공됩니다. 자격증 취득 및 외부 세미나/교육 출강시 상품권 지급해요 (주)혜움와 함께 할",,시스템 소프트웨어 개발 및 공급업,"(주)혜움
[영업] B2B Sales(2년이상)
혜움은 B2B 금융 AI Agent 에 도전하는 스타트업 입니다.
창업가들이 하고 싶은 일에만 전념할 수 있도록, 일하는 사람을 위한 금융 AI Agent 기반 All in One SaaS를 만들고 있습니다.
혜움은 현재 100만 사업자가 사용하는 서비스로 성장하였으며 혜움의 성장과 성과를 나타내는 주요 키워드를 소개해 드립니다.
기업소개
[혜움 주요 키워드]
ㆍ누적투자 약 200억
ㆍ23년 연매출 97억 달성, 24년 BEP 돌파(3년 평균 234% 성장)
ㆍ스톤브릿지, 한국투자파트너스, 쿼드벤처스, 기업은행, 기술보증 200억 투자 보증
ㆍ마이크로소프트 전략적 B2B AI Agent 파트너
ㆍ기업은행, 유비케어, 비즈니스온 AI Agent 전략적 파트너
ㆍ중소기업부 초격차 AI 스타트업 선정
ㆍ아기 유니콘 기업, 퍼스트 펭귄, SW 고성장 클럽 선정

[혜움에 대해 더 알고 싶다면?]
ㆍ채용홈페이지 : https://www.heumlabs.io/home
ㆍ혜움 옥형석 대표 인터뷰(EO채널) www.youtube.com/watch?v=oo509Jlj1f0

[혜움의 방향성, 조직문화가 궁금하다면?]
ㆍ채용 랜딩페이지
진행중인 모집부문
모집부문 이런 일을 하게 되실 겁니다. 필수사항 및 우대사항
B2B Sales
(2년이상) ㆍ혜움의 모든 제품/서비스에 대한 깊이 있는
    지식을 갖추고 경쟁사들의 상황을 파악합니다.
ㆍ마케팅 부서와 협력하여 리드 볼륨을 늘리기
    위한 Inbound/Outbound 캠페인을 관리합니다.
ㆍCRM에 고객 정보와 영업 활동 내용을 정확하게
    기록하고 최신 상태로 유지합니다.
ㆍ단순한 미팅을 상품 소개로 끝내는 것이 아니라,
    다양한 수단을 이용하여 BANT (예산, 결정권자,
    니즈, 타임라인)가 확보된 영업 기회를 확보합니다.
ㆍ영업 과정에서 딜이 성사되지 않은 이유 및 그에
    따른 Action Items 를 관리합니다.
ㆍ혜움만의 Sales Playbook 을 관리하고, Lessons
    Learned 을 기반으로 지속적으로 발전시켜나갑니다. 필수사항
ㆍ신속하고 역동적인 업무 환경에 잘
    적응하며 성과를 낼 수 있는 분
ㆍ다른 사람들과 협력하고 혜움내 여러 팀과
    커뮤니케이션을 즐기는 분
ㆍ성과 중심적이고 경쟁적인 팀 문화에서 일하고
    싶으신 분
ㆍB2B 또는 초기 스타트업 등 도전적인 환경에서
    1년 이상의 세일즈 경험을 가진 분
ㆍ본인만의 성공적인 세일즈 플레이북을
    관리하고 계신 분

우대사항
ㆍ'아웃바운드' 활동만으로 월/분기 매출 목표를
    초과 달성해 본 경험이 있는 분
ㆍ재무 관련 B2B 제품/서비스 영업 경험을
    보유하신 분
ㆍ창업 경험이 있으신 분
앞으로 함께 더 많은 복리후생을 만들어가요
혜움은 구성원들을 어떻게 돌보나요?
일에 몰입할 수 있도록 돕습니다.
ㆍ스톡옵션의 기회가 열려있습니다.
ㆍ최대 주 1회 몰입워크 가능해요(일하고 싶은 곳 아무데서나!)
ㆍ유연하게 출근하세요(8:00~11:00 출근 / 17:00~20:00 퇴근)
ㆍ자유로운 휴가 사용, 출산 휴가, 육아 휴직, 육아기 근로 단축 지원해요
ㆍ배우자를 포함한 건강검진이 매년 제공됩니다.
ㆍ매월 첫 수요일 가족의 날 조기 퇴근, 생일자 조기 퇴근 할 수 있어요
전문가로 성장하실 수 있도록 지원합니다.
ㆍ업계에서 잘나가는 전문가가 될 수 있도록, AI리터러시/직무 교육을 지속적으로 지원해요
ㆍ기타 역량 개발 교육비 지원 (150만원 한도) 해줘요
ㆍ교육 연차도 제공됩니다.
ㆍ자격증 취득 및 외부 세미나/교육 출강시 상품권 지급해요
(주)혜움와 함께 할 채용절차를 알려드려요
* 시니어일 경우, 평판조회를 요청드릴 수 있습니다.
* 필요할 경우, CEO 커피챗 진행 가능합니다.
열정적인 당신의 지원을 기다립니다
접수기간 및 방법
ㆍ접수기간 : 채용시 마감
ㆍ접수방법 : 사람인 온라인 입사지원
놓치지 말아야 할 유의사항을 확인해 주세요
ㆍ입사지원 서류에 허위사실이 발견될 경우, 채용확정 이후라도 채용이 취소될 수 있습니다.

사람인 공고 상세요강 입니다. 사람인(주)의 허가 없이 무단 복사 및 게재를 금합니다."
23,AI 에이전트,[운영] 경리 아웃소싱 담당(10년이상),(주)혜움,서울 강남구,경력10년↑,고졸↑,정규직,~ 02/06(금),https://www.saramin.co.kr/zf_user/jobs/relay/view?view_type=search&rec_idx=52742728&location=ts&searchword=AI+%EC%97%90%EC%9D%B4%EC%A0%84%ED%8A%B8&searchType=search&paid_fl=n&search_uuid=12ebc0de-9d46-4ec4-9fe8-af922641719d,52742728,경리 경리사무원 급여(Payroll) 세무신고 세무회계,2026-02-02 12:01:43,,,"[운영] 경리 아웃소싱 담당 혜움의 경리 제품 기능을 활용한 고객사 현금 흐름 분석 및 운용관리 고객사의 매출과 매입, 비용, 입출금 내역 관리 및 회계 처리 고객사의 자금일보 및 손익보고서 등 월간 재무 보고서 작성 및 보고 원활한 업무 진행을 위한 고객과의 커뮤니케이션 및 대응 고객이 안정적이고 빠르게 서비스를 이용할 수 있도록 온보딩 지원 업무 효율성 향상을 위한 프로세스 개선 및 제품 개선을 위한 의견 제시 필수사항 관련 경력 10년 이상 ERP 직접 세팅 및 운용 경험 보유 회계결산의 기본적인 흐름과 구조에 대한 이해 부가세 및 원천세 등 직접 세무 신고 경험 보유 외감을 직접적으로 핸들링해본 경험 보유 고객 중심 사고 및 문제 해결 능력 능동적인 커뮤니케이션 능력 우대사항 경리BPO 서비스를 제공하는 회사에서 업무를 수행해 보신 분 빠르게 성장하는 스타트업에서 주도적으로 업무를 수행한 경험이 있으신 분 관련 자격증 보유하신 분 (재경관리 / CPA / 세무사 등) 전사적 재무/회계 시스템 개선 또는 자동화 프로젝트 경험이 있으신 분 협업을 통한 제품 및 서비스 개선에 관심이 있는 분 긍정적인 사고로 문제를 해결해 나가시는 분 업무의 비효율로 발생하는 불편함을 견디지 못하시는 분 빠른 입사 가능하신 분 앞으로 함께 더 많은 복리후생을 만들어가요 혜움은 구성원들을 어떻게 돌보나요? 일에 몰입할 수 있도록 돕습니다. 스톡옵션의 기회가 열려있습니다. 최대 주 1회 몰입워크 가능해요(일하고 싶은 곳 아무데서나!) 유연하게 출근하세요(8:00~11:00 출근 / 17:30~20:00 퇴근) 자유로운 휴가 사용, 출산 휴가, 육아 휴직, 육아기 근로 단축 지원해요 배우자를 포함한 건강검진이 매년 제공됩니다. 육아맘을 위하여 휴직외에도 업무범위를 조정하고 육아기 근로단축, 풀 재택을 지원해요 매월 첫 수요일 가족의 날 조기 퇴근, 생일자 조기 퇴근 할 수 있어요 전문가로 성장하실 수 있도록 지원합니다. 업계에서 잘나가는 전문가가 될 수 있도록, AI리터러시 및 직무 교육을 지속적으로 지원해요 최고의 컨설팅펌 연사가 직강하는 Problem&Solving 리더 양성 프로그램을 지원해요 역량 개발 교육비 지원(교육, 도서 등 150만원 한도) 해줘요 교육 연차도 제공됩니다. 자격증 취득 및 외부 세미나/교육 출강시 상품권 지급해요 사내 스터디 활동비 지원해요 (주)혜움와 함께 할",열정적인 당신의 지원을 기다립니다 접수기간 및 방법 접수기간 : 채용시 마감 접수방법 : 사람인 온라인 입사지원 놓치지 말아야 할,"을 만들어가요 혜움은 구성원들을 어떻게 돌보나요? 일에 몰입할 수 있도록 돕습니다. 스톡옵션의 기회가 열려있습니다. 최대 주 1회 몰입워크 가능해요(일하고 싶은 곳 아무데서나!) 유연하게 출근하세요(8:00~11:00 출근 / 17:30~20:00 퇴근) 자유로운 휴가 사용, 출산 휴가, 육아 휴직, 육아기 근로 단축 지원해요 배우자를 포함한 건강검진이 매년 제공됩니다. 육아맘을 위하여 휴직외에도 업무범위를 조정하고 육아기 근로단축, 풀 재택을 지원해요 매월 첫 수요일 가족의 날 조기 퇴근, 생일자 조기 퇴근 할 수 있어요 전문가로 성장하실 수 있도록 지원합니다. 업계에서 잘나가는 전문가가 될 수 있도록, AI리터러시 및 직무 교육을 지속적으로 지원해요 최고의 컨설팅펌 연사가 직강하는 Problem&Solving 리더 양성 프로그램을 지원해요 역량 개발 교육비 지원(교육, 도서 등 150만원 한도) 해줘요 교육 연차도 제공됩니다. 자격증 취득 및 외부 세미나/교육 출강시 상품권 지급해요 사내 스터디 활동비 지원해요 (주)혜움와 함께 할",,시스템 소프트웨어 개발 및 공급업,"(주)혜움
[운영] 경리 아웃소싱 담당(10년이상)
혜움은 B2B 금융 AI Agent 에 도전하는 스타트업 입니다.
창업가들이 하고 싶은 일에만 전념할 수 있도록, 일하는 사람을 위한 금융 AI Agent 기반 All in One SaaS를 만들고 있습니다.
혜움은 현재 100만 사업자가 사용하는 서비스로 성장하였으며 혜움의 성장과 성과를 나타내는 주요 키워드를 소개해 드립니다.
혜움의 방향성, 조직문화가 궁금하다면?
※ 채용 랜딩페이지
기업소개
[혜움 주요 키워드]
ㆍ누적투자 약 200억
ㆍ23년 연매출 97억 달성, 24년 BEP 돌파(3년 평균 234% 성장)
ㆍ스톤브릿지, 한국투자파트너스, 쿼드벤처스, 기업은행, 기술보증 200억 투자 보증
ㆍ마이크로소프트 전략적 B2B AI Agent 파트너
ㆍ기업은행, 유비케어, 비즈니스온 AI Agent 전략적 파트너
ㆍ중소기업부 초격차 AI 스타트업 선정
ㆍ아기 유니콘 기업, 퍼스트 펭귄, SW 고성장 클럽 선정

[혜움에 대해 더 알고 싶다면?]
ㆍ채용홈페이지 : https://www.heumlabs.io/home
ㆍ혜움 옥형석 대표 인터뷰(EO채널) www.youtube.com/watch?v=oo509Jlj1f0
포지션 소개
“고객의 복잡한 경리 업무, 혜움이 돌봐 드립니다.”
혜움은 고객사의 핵심 업무에 집중할 수 있도록 간단한 거래 내역에 대한 관리 및 숫자 입력을 넘어서,
재무적 문제를 진단하고 해결책을 제시하는 경리 아웃소싱 서비스를 제공합니다.
고객에게 최적화된 맞춤형 서비스를 제공하고, 더 나아가 혜움의 제품 개선에 적극적으로 참여하며 함께 성장할 전문가를 찾습니다.
진행중인 모집부문
모집부문 담당업무 자격요건 및 우대사항
[운영]
경리 아웃소싱
담당 ㆍ혜움의 경리 제품 기능을 활용한 고객사
    현금 흐름 분석 및 운용관리
ㆍ고객사의 매출과 매입, 비용, 입출금 내역 관리
    및 회계 처리
ㆍ고객사의 자금일보 및 손익보고서 등
    월간 재무 보고서 작성 및 보고
ㆍ원활한 업무 진행을 위한 고객과의
    커뮤니케이션 및 대응
ㆍ고객이 안정적이고 빠르게 서비스를
    이용할 수 있도록 온보딩 지원
ㆍ업무 효율성 향상을 위한 프로세스 개선 및
    제품 개선을 위한 의견 제시 필수사항
ㆍ관련 경력 10년 이상
ㆍERP 직접 세팅 및 운용 경험 보유
ㆍ회계결산의 기본적인 흐름과 구조에 대한 이해
ㆍ부가세 및 원천세 등 직접 세무 신고 경험 보유
ㆍ외감을 직접적으로 핸들링해본 경험 보유
ㆍ고객 중심 사고 및 문제 해결 능력
ㆍ능동적인 커뮤니케이션 능력

우대사항
ㆍ경리BPO 서비스를 제공하는 회사에서
    업무를 수행해 보신 분
ㆍ빠르게 성장하는 스타트업에서 주도적으로
    업무를 수행한 경험이 있으신 분
ㆍ관련 자격증 보유하신 분
    (재경관리 / CPA / 세무사 등)
ㆍ전사적 재무/회계 시스템 개선 또는
    자동화 프로젝트 경험이 있으신 분
ㆍ협업을 통한 제품 및 서비스 개선에 관심이 있는 분
ㆍ긍정적인 사고로 문제를 해결해 나가시는 분
ㆍ업무의 비효율로 발생하는 불편함을
    견디지 못하시는 분
ㆍ빠른 입사 가능하신 분
앞으로 함께 더 많은 복리후생을 만들어가요
혜움은 구성원들을 어떻게 돌보나요?
일에 몰입할 수 있도록 돕습니다.
ㆍ스톡옵션의 기회가 열려있습니다.
ㆍ최대 주 1회 몰입워크 가능해요(일하고 싶은 곳 아무데서나!)
ㆍ유연하게 출근하세요(8:00~11:00 출근 / 17:30~20:00 퇴근)
ㆍ자유로운 휴가 사용, 출산 휴가, 육아 휴직, 육아기 근로 단축 지원해요
ㆍ배우자를 포함한 건강검진이 매년 제공됩니다.
ㆍ육아맘을 위하여 휴직외에도 업무범위를 조정하고 육아기 근로단축, 풀 재택을 지원해요
ㆍ매월 첫 수요일 가족의 날 조기 퇴근, 생일자 조기 퇴근 할 수 있어요
전문가로 성장하실 수 있도록 지원합니다.
ㆍ업계에서 잘나가는 전문가가 될 수 있도록, AI리터러시 및 직무 교육을 지속적으로 지원해요
ㆍ최고의 컨설팅펌 연사가 직강하는 Problem&Solving 리더 양성 프로그램을 지원해요
ㆍ역량 개발 교육비 지원(교육, 도서 등 150만원 한도) 해줘요
ㆍ교육 연차도 제공됩니다.
ㆍ자격증 취득 및 외부 세미나/교육 출강시 상품권 지급해요
ㆍ사내 스터디 활동비 지원해요
(주)혜움와 함께 할 채용절차를 알려드려요
열정적인 당신의 지원을 기다립니다
접수기간 및 방법
ㆍ접수기간 : 채용시 마감
ㆍ접수방법 : 사람인 온라인 입사지원
놓치지 말아야 할 유의사항을 확인해 주세요
ㆍ입사지원 서류에 허위사실이 발견될 경우, 채용확정 이후라도 채용이 취소될 수 있습니다.

사람인 공고 상세요강 입니다. 사람인(주)의 허가 없이 무단 복사 및 게재를 금합니다."
24,AI 에이전트,[운영] 급여 아웃소싱 담당,(주)혜움,서울 강남구,경력 3~7년,고졸↑,정규직,~ 02/04(수),https://www.saramin.co.kr/zf_user/jobs/relay/view?view_type=search&rec_idx=52742695&location=ts&searchword=AI+%EC%97%90%EC%9D%B4%EC%A0%84%ED%8A%B8&searchType=search&paid_fl=n&search_uuid=12ebc0de-9d46-4ec4-9fe8-af922641719d,52742695,급여(Payroll) 세무신고 세무회계 연말정산 원천세신고,2026-02-02 12:01:49,,급여 운영 및 실무 경험 3년 이상 급여관련 프로그램(ERP 등) 능숙한 활용 능력 고객 중심 사고 및 문제 해결 능력 능동적인 커뮤니케이션 능력,[운영] 급여 아웃소싱 담당 혜움의 급여 제품 기능을 활용한 고객사 급여정산 대행 및 지원 기본 급여 정산과 4대 보험 신고 및 퇴직금 정산 등 급여 업무 전반 관리 원활한 업무 진행을 위한 고객과의 커뮤니케이션 및 대응 고객이 안정적이고 빠르게 서비스를 이용할 수 있도록 온보딩 지원 급여 아웃소싱 업무 효율성 향상을 위한 프로세스 개선 자격요건 급여 운영 및 실무 경험 3년 이상 급여관련 프로그램(ERP 등) 능숙한 활용 능력 고객 중심 사고 및 문제 해결 능력 능동적인 커뮤니케이션 능력 우대사항 급여 Software(SaaS) 및 IT 분야에 대한 관심이 있고 급여 전문가로 성장하고 싶은 분 원천세와 연말정산에 대한 이해도 및 관심이 있는 분 협업을 통한 제품 및 서비스 개선에 관심이 있는 분 고객 및 동료와 적극적이고 능동적으로 커뮤니케이션 할 수 있는 분 긍정적인 사고로 문제를 해결해 나가시는 분 업무의 비효율로 발생하는 불편함을 견디지 못하시는 분 급여아웃소싱 및 노무/세무사 사무실 경력자 사회보험전문가 혹은 사회보험관리사 자격증 소지자 빠른 입사 가능하신 분,"* 시니어일 경우, 평판조회를 요청드릴 수 있습니다. * 필요할 경우, CEO 커피챗 진행 가능합니다. 열정적인 당신의 지원을 기다립니다 접수기간 및 방법 접수기간 : 채용시 마감 접수방법 : 사람인 온라인 입사지원 놓치지 말아야 할","을 만들어가요 혜움은 구성원에게 어떤 부분을 지원하나요? 일에 몰입할 수 있도록 돕습니다. 최대 주 1회 몰입워크 가능해요(일하고 싶은 곳 아무데서나!) 유연하게 출근하세요(8:00~11:00 출근 / 17:00~20:00 퇴근) 자유로운 휴가 사용, 출산 휴가, 육아 휴직, 육아기 근로 단축 지원해요 배우자를 포함한 건강검진이 매년 제공됩니다. 매월 첫 수요일 가족의 날 조기 퇴근, 생일자 조기 퇴근 할 수 있어요 전문가로 성장하실 수 있도록 지원합니다. 업계에서 잘나가는 전문가가 될 수 있도록, AI리터러시/직무 교육을 지속적으로 지원해요 역량 개발 교육비 지원(교육, 도서 등 150만원 한도) 해줘요 교육 연차도 제공됩니다. 자격증 취득 및 외부 세미나/교육 출강시 상품권 지급해요 (주)혜움와 함께 할",면접 후 협의,시스템 소프트웨어 개발 및 공급업,"(주)혜움
[운영] 급여 아웃소싱 담당
혜움의 방향성, 조직문화 등이 궁금하다면?
heum.ai
기업소개
[혜움 주요 키워드]
ㆍ누적투자 약 200억
ㆍ23년 연매출 97억 달성, 24년 BEP 돌파(3년 평균 234% 성장)
ㆍ스톤브릿지, 한국투자파트너스, 쿼드벤처스, 기업은행, 기술보증 200억 투자 보증
ㆍ마이크로소프트 전략적 B2B AI Agent 파트너
ㆍ기업은행, 유비케어, 비즈니스온 AI Agent 전략적 파트너
ㆍ중소기업부 초격차 AI 스타트업 선정
ㆍ아기 유니콘 기업, 퍼스트 펭귄, SW 고성장 클럽 선정

[혜움에 대해 더 알고 싶다면?]
ㆍ채용홈페이지 : https://www.heumlabs.io/home
ㆍ혜움 옥형석 대표 인터뷰(EO채널) www.youtube.com/watch?v=oo509Jlj1f0
진행중인 모집부문
모집부문 주요업무 자격요건 및 우대사항
[운영]
급여
아웃소싱 담당
ㆍ혜움의 급여 제품 기능을 활용한 고객사
   급여정산 대행 및 지원
ㆍ기본 급여 정산과 4대 보험 신고 및 퇴직금
   정산 등 급여 업무 전반 관리
ㆍ원활한 업무 진행을 위한 고객과의
   커뮤니케이션 및 대응
ㆍ고객이 안정적이고 빠르게 서비스를
   이용할 수 있도록 온보딩 지원
ㆍ급여 아웃소싱 업무 효율성 향상을 위한
   프로세스 개선 자격요건
ㆍ급여 운영 및 실무 경험 3년 이상
ㆍ급여관련 프로그램(ERP 등) 능숙한 활용 능력
ㆍ고객 중심 사고 및 문제 해결 능력
ㆍ능동적인 커뮤니케이션 능력

우대사항
ㆍ급여 Software(SaaS) 및 IT 분야에 대한 관심이 있고
   급여 전문가로 성장하고 싶은 분
ㆍ원천세와 연말정산에 대한 이해도 및 관심이 있는 분
ㆍ협업을 통한 제품 및 서비스 개선에 관심이 있는 분
ㆍ고객 및 동료와 적극적이고 능동적으로 커뮤니케이션
   할 수 있는 분
ㆍ긍정적인 사고로 문제를 해결해 나가시는 분
ㆍ업무의 비효율로 발생하는 불편함을 견디지 못하시는 분
ㆍ급여아웃소싱 및 노무/세무사 사무실 경력자
ㆍ사회보험전문가 혹은 사회보험관리사 자격증 소지자
ㆍ빠른 입사 가능하신 분
근무조건
ㆍ계약형태 : 정규직
ㆍ급여 : 면접 후 협의
ㆍ근무지 : 대한민국 서울특별시 강남구 테헤란로86길 13
앞으로 함께 더 많은 복리후생을 만들어가요
혜움은 구성원에게 어떤 부분을 지원하나요?
일에 몰입할 수 있도록 돕습니다.
ㆍ최대 주 1회 몰입워크 가능해요(일하고 싶은 곳 아무데서나!)
ㆍ유연하게 출근하세요(8:00~11:00 출근 / 17:00~20:00 퇴근)
ㆍ자유로운 휴가 사용, 출산 휴가, 육아 휴직, 육아기 근로 단축 지원해요
ㆍ배우자를 포함한 건강검진이 매년 제공됩니다.
ㆍ매월 첫 수요일 가족의 날 조기 퇴근, 생일자 조기 퇴근 할 수 있어요
전문가로 성장하실 수 있도록 지원합니다.
ㆍ업계에서 잘나가는 전문가가 될 수 있도록, AI리터러시/직무 교육을 지속적으로 지원해요
ㆍ역량 개발 교육비 지원(교육, 도서 등 150만원 한도) 해줘요
ㆍ교육 연차도 제공됩니다.
ㆍ자격증 취득 및 외부 세미나/교육 출강시 상품권 지급해요
(주)혜움와 함께 할 채용절차를 알려드려요
* 시니어일 경우, 평판조회를 요청드릴 수 있습니다.
* 필요할 경우, CEO 커피챗 진행 가능합니다.
열정적인 당신의 지원을 기다립니다
접수기간 및 방법
ㆍ접수기간 : 채용시 마감
ㆍ접수방법 : 사람인 온라인 입사지원
놓치지 말아야 할 유의사항을 확인해 주세요
ㆍ입사지원 서류에 허위사실이 발견될 경우, 채용확정 이후라도 채용이 취소될 수 있습니다.

사람인 공고 상세요강 입니다. 사람인(주)의 허가 없이 무단 복사 및 게재를 금합니다."
25,AI 에이전트,[넷마블자회사]엠엔비 IP 라이선싱 및 MD 사업 매니저 모집,엠엔비(주),서울 구로구,경력3년↑,학력무관,정규직,~ 03/29(일),https://www.saramin.co.kr/zf_user/jobs/relay/view?view_type=search&rec_idx=52949341&location=ts&searchword=AI+%EC%97%90%EC%9D%B4%EC%A0%84%ED%8A%B8&searchType=search&paid_fl=n&search_uuid=12ebc0de-9d46-4ec4-9fe8-af922641719d,52949341,영업관리 영업MD 기업영업 매체영업 유통영업,2026-02-02 12:01:56,,,,,,,광고 대행업,"사람인 공고 상세요강 입니다. 사람인(주)의 허가 없이 무단 복사 및 게재를 금합니다. K3 IP 라이선싱 및 MD 사업 매니저 모집 브랜드와 소비자루잇는 크리에이티브 임엔비와함께할분야별 전문가을찾습니다! IP라이선싱및 MD사업매니저 We entertain the worlowith Good Content 임엔비는 소비자 브랜드 미디어에 대한 깊은 통찰올 바탕으로 최적의 IMC 전락 슬루선올 제시합니다. 기획부터 제작, 운영까지 아우르는 올인원(AI-in-one) 프로세스름 통해 나이키, 구글, 로봇록스, 넷마블 등 글로벌 리팅 기업들의 파트너로서 A 기반의 디지털 기술과 미디어 트랜드틀 접목한 선도적 캠페인올 수행하고 있습니다. 또한, '궁야 레스토랑즈'의 성공적인 리브랜딩올 시작으로 캐릭터 IP 비즈니스의 영역올 확장하다 세대의 공감을 이끌어내는 독보적인 온렌츠 영향력올 증명하고 있습나다. IP '라이선생 및 MD 사업 매니저 1) 넷미불 IP 비즈니스 매니장 제휴 사업 발굴 및 제안: IP 기반 제휴사업 및 브랜드 콜라보레이선 기획실행 '파트L 제안 카테고리별 전문 제죄유통사 발굴 타켓팅 제안 영업 시너지 창출: 신규 리브랜딩 캐릭터 연계 영업 추진 담당업무 프로모선 기획: 필업스토어 등 리오프라인 프로모선 프로적트 기획 및 운영 2MD 영업관리 시장 트랜드 분석: 시장 소비 트랜드 분석 및 폐르소나 도출올 통한 상품 기획 상품 라인업 기획: 게임 및 브랜드 국즈의 전락적(미게당팅용[판매용) 상품군 기획 프로모선 기획: 신규 P 런칭 곳즈 출시 및 영업 프로모선 기획 데이터 영업 지원 팬덤 구즈 반응 데이터 활용및 분석들 통한 라이선스 영업 지원 브랜드 협업 필업스토어, 전시 패스터벌 등 오프라인 프로모선 전개 경험 보유 IP 라이선싱 에이전트 혹은 너래D 영업 경력 3~5년 이상 자격요건 같이서스 계약 지식 및 로열티 정산 프로세스에 대한 경험 이해도보유 캐릭터까임라이프스타일 브랜드 MD 혹은 영업 마게팅 실무 3-5년 이상 데이터시장 고객반/판매) 기반 논리적인 제안서 작성 기능한 분 유관 제죄유통사 네트위크 보유 및 활용 기능하신 분 영어 또는 제2외국어 등 외국어 커유니켜이선에 능통하신분 글로벌 라이선심 영업 경험 및 해외 파트너십 구축 역량 보유히신 분 신규 IP의l 시장 진입들 위한 파격적인 계약 구조 제안 험상 능력이 우수하신 분 우대사항 플라우드 편딩 깜업스토어 왼오프라인 연계 꼬로모선 성공 경험자 게임 IP의 성공적인 브랜드 전환 사레에 대한 인사이트 보유히신 분 시장 트랜드 변화에 따른 유인한 상품 카데고리 확장 능력올 갖추신 분 전형점차 서류전형 역량진단 1치면접 2면접 처우협의 의시  # 직무에 따라 과제가 있물 -있으머 별도 안내 예정입니다 무장소 넷미블 TOWER (서울특별시 구로구 디지털로 26길 38) 31층 근무시간 선택적 근로시간제(* 기본근로시간 내예서 출퇴근시간을 지물적으로 선택) 고용형태 정규적수습기간 3개월) *국가보훈대상자 및 장애인은 관련 법령에 의거하여 우대합니다 *서류전형 합격자에 한하여 개별적으로 면접 일정올 안내드컵니다 *허위 기재 사실이 발견월 시예는 불합격 또는 입사가 취소월 있습니다. 근무 환경 '야외 휴게심 다양히 형사 세미나 강연올 위히 공간이어요 '박트인 간데서 잠깐의 유식올 즐겨요 '마이' 네마 코훈이 그루 임직원 휴인까지 '드어지느 게 아니구 복지혜택 임엔비는 임직원에게 다양한 복지혜택올 제공하고 있습니다. 복지포인트 식대 지원 사내카페 운영 보지언고-다-나-용고 웬심웬순""#I다 잠심젯-P ' 지위해다 보방서 다 헬스게어 리프레시 휴가 건강검진 지원 전문 심리상담사마보건관리자가 상주하다 임직인의 책임집니다 리프레시 옮기외 넷벽가화함-화음h워언호다 알불용싶히런다 경조지원 명절효도비 모성보호 지원 물로 감시편지와함께 임정적일중어상소름경주운감t물 실추-로없""#나 양손-전춘 름끝똑율말출자운""료다 입사 후당사의 기술과 업무 매뉴일올 비탕으로 업무름 하게 되므로 당사능다 회사의 영업 비밀블 필요로 하지 않습니다 입사지원자께서논 전 직장의 영업 비밀올 침해하는 일이 없도록 각별히 유의하여 주시기 바라며 침해 및관련 분쟁 발생 시 본인의 책임으로당사' 면색하여야힘물 주지하여 주시기비람니다 당사예서논 '채용절차 공정화에 관한 법률'올 준수하여, 합격자 발표 이후 14일 이내에 채용 서류 반환 청구 신청이 가능합나다. 채용 서류반환 청구세채용절치법 시행규칙 별지 3) 작성 담당자 이메일recruitOrrb inc.con로 제출 부탁드리다 신청 확인 후 등기우편 사업장 방문문 통해 수령 가능합니다   (청구서 제출이 확인원 날로부터 14일 이내에 시정한 주소지로 등기 우편들 통하여 발송드필 예정이다 등기우편요금은 수신자 '하게 되오니 유념하시기 바니다 해당 기간 내 반환 청구 가없거나 흉페이지 / 전자우편올 통해 지원자가 자발적으로 제출한 경우 반환 청구 대상에서 제외I니다. 상기 기간 내 반환되 지않은 서류는 [개인정보 보호법]에 따라 따기월 예정입니다) 서미나실 부담으로 "
26,AI 에이전트,"[CS/CX 주니어] 글로벌 패션 커머스 운영팀 (신입가능,경력무관)",(주)페칭,서울 성동구,경력무관,학력무관,정규직·계약직,~ 02/13(금),https://www.saramin.co.kr/zf_user/jobs/relay/view?view_type=search&rec_idx=52826176&location=ts&searchword=AI+%EC%97%90%EC%9D%B4%EC%A0%84%ED%8A%B8&searchType=search&paid_fl=n&search_uuid=12ebc0de-9d46-4ec4-9fe8-af922641719d,52826176,고객응대 고객안내 고객관리 상품기획 서비스기획,2026-02-02 12:02:22,"전화, 채널톡 등 다양한 채널을 통한 고객 문의 응대, 주문, 배송, 교환, 환불 등 기본 CS 업무 처리, 해외 주문 및 배송 진행 상황 모니터링 및 이슈 대응 지원, 고객의 불편사항을 정리하고, 팀과 함께 개선 방향을 논의, 10:00 a.m. ~ 19:00 p.m. (점심시간 1시간 포함)","고객에게 친절하고 성실하게 응대할 수 있는 분, 문제를 보면 그냥 넘기지 않고 스스로 해결해보려는 분, 다른 팀과 이야기하며 협력하는 데 어려움이 없는 분, 맡은 일에 책임감을 가지고 끝까지 마무리할 수 있는 분",,"14 20시 ~ 2026, 13 24시","자유로운 분위기: 경력,연차,나이에 상관없이 모두가 동등한 자격으로 동료로서 일을 합니다., 역세권 위치: 성수역 도보 5분 거리 오피스, 자유로운 연차 사용: 시스템에 날짜 등록만 하면 바로 다양한 연차(시차) 사용이 가능합니다., 최고급 사양 장비: 듀얼모니터, 맥북, 아이맥 등 필요 장비 지원해드립니다., 생일선물지원: 생일 당일 2시간 일찍 퇴근! 상품권도 지급해 드립니다., 건강검진지원: 건강한 삶을 위해 정기적인 건강검진을 지원해 드립니다., 명절선물지급: 설과 추석에 소정의 명절 선물을 지급해드립니다., 상시 간식,음료 구비: 당 떨어질 때 먹을 간식, 음료, 커피가 상시 구비되어 있습니다., 직원할인: 전 세계 디자이너 브랜드의 제품을 페칭 직원 할인가격으로 만나보세요!",면접 후 결정,응용 소프트웨어 개발 및 공급업,"[CS/CX 주니어] 
글로벌 패션 커머스 운영팀 주니어
ABOUT FETCHING
FETCHING은 전 세계 디자이너 브랜드와 파트너 네트워크를 연결하여
고객에게 가장 경쟁력 있는 가격과 효율적인 구매 경험을 제공하는
글로벌 커머스 인프라를 구축하고 있습니다.
우리는 단순히 상품을 유통하는 플랫폼이 아닙니다.
국가별 세금, 관세, 환율, 물류비, 무역 협정까지 구조적으로 계산하는 AI Pricing Engine,
상품 등록부터 가격 설정, 주문, 정산까지 자동화하는 AI Commerce Agent를 기반으로,
Fetching은 글로벌 커머스를 움직이는 OS(Operating System)로 확장하고 있습니다.
현재는 한국 고객을 중심으로 서비스를 제공하고 있으며,
2025년부터 일본과 미국 시장으로 본격 확장을 준비하고 있습니다.
 Fetching의 핵심 기술
• AI Pricing Engine: 관세, 부가세, 배송비 등 글로벌 가격 요소를 자동 계산해 가장 경쟁력 있는 판매가를 실시간으로 제안하는 엔진
• AI Commerce Agent: 상품 등록, 가격 설정, 주문, 정산 등 커머스 운영 전반을 자동화하는 지능형 시스템
 성과 지표
• 2023년부터 현재까지 연속 흑자 유지, 수익성 기반의 성장
• 2024년: 연매출 33억 달성
• 2025년: 매출 100억~200억 목표, 고속 성장 중
• 주요 타겟: 대한민국 중심  올해 안으로 일본·미국 시장 확장 본격화
 📋 모집부문
 • CX/커머스운영 주니어: 0명
• 경력요건: 경력 5년이상
 📋 주요업무
 • 전화, 채널톡 등 다양한 채널을 통한 고객 문의 응대
• 주문, 배송, 교환·환불 등 기본 CS 업무 처리
• 해외 주문 및 배송 진행 상황 모니터링 및 이슈 대응 지원
• 고객의 불편사항을 정리하고, 팀과 함께 개선 방향을 논의
 [근무시간]
• 10:00 a.m. ~ 19:00 p.m. (점심시간 1시간 포함)
📋 자격요건
• 고객에게 친절하고 성실하게 응대할 수 있는 분
• 문제를 보면 그냥 넘기지 않고 스스로 해결해보려는 분
• 다른 팀과 이야기하며 협력하는 데 어려움이 없는 분
• 맡은 일에 책임감을 가지고 끝까지 마무리할 수 있는 분
 📋 우대사
 • 시스템적 사고를 통해 비효율적인 것들을 효율화 하는 것을 좋아하시는 분
• 고객 친화적이신 분
• Excel, PPT, Word 등 업무 툴에 능숙하신 분
 🏠 근무조건
• 고용형태: 3개월 수습기간 계약직 계약체결 / 수습기간 종료 시 평가를 통한 정규직 전환
• 급여 : 면접 후 결정 
• 근무지 : 서울 성동구 성수이로22길 37 성수동 아크벨리 308A호 
• 근무요일/시간 : 주 5일(월~금) 10:00~19:00 
🎁 복지 및 혜택
• 자유로운 분위기: 경력,연차,나이에 상관없이 모두가 동등한 자격으로 동료로서 일을 합니다.
• 역세권 위치: 성수역 도보 5분 거리 오피스
• 자유로운 연차 사용: 시스템에 날짜 등록만 하면 바로 다양한 연차(시차) 사용이 가능합니다.
• 최고급 사양 장비: 듀얼모니터, 맥북, 아이맥 등 필요 장비 지원해드립니다.
• 생일선물지원: 생일 당일 2시간 일찍 퇴근! 상품권도 지급해 드립니다.
• 건강검진지원: 건강한 삶을 위해 정기적인 건강검진을 지원해 드립니다.
• 명절선물지급: 설과 추석에 소정의 명절 선물을 지급해드립니다.
• 상시 간식,음료 구비: 당 떨어질 때 먹을 간식, 음료, 커피가 상시 구비되어 있습니다.
• 직원할인: 전 세계 디자이너 브랜드의 제품을 페칭 직원 할인가격으로 만나보세요!
🚀 채용절차
접수기간 : 2026-01-14 20시 ~ 2026-02-13 24시
제출서류 : 자유양식 이력서
접수방법 : 홈페이지 지원
전형절차 : 서류전형 → 면접전형 → 처우협의 → 최종합격 
🛎️ 유의사항
• 입사지원 서류에 허위사실이 발견될 경우, 채용확정 이후라도 채용이 취소될 수 있습니다.
• 모집분야별로 마감일이 상이할 수 있으니 유의하시길 바랍니다.

사람인 공고 상세요강 입니다. 사람인(주)의 허가 없이 무단 복사 및 게재를 금합니다. "
27,AI 에이전트,인사총무 인턴 (정규직 전환 가능),(주)코딧,서울 영등포구,경력무관,대졸↑,인턴직,채용시,https://www.saramin.co.kr/zf_user/jobs/relay/view?view_type=search&rec_idx=48594542&location=ts&searchword=AI+%EC%97%90%EC%9D%B4%EC%A0%84%ED%8A%B8&searchType=search&paid_fl=n&search_uuid=12ebc0de-9d46-4ec4-9fe8-af922641719d,48594542,채용담당자 채용공고관리 채용설명회 소프트웨어개발,2026-02-02 12:02:35,,,,,,,응용 소프트웨어 개발 및 공급업,"빠르게 성장하는 코딧에서 인사 총무 인턴을 찾습니다

코딧(CODIT)은 AI와 빅데이터 기술로 방대한 양의 의안.법령.정책 정보를 분석, 기업에게 맞춤형 정보를 제공하는 플랫폼 기업입니다. 코딧의 서비스는 기업이 지속적인 규제.정책 변화에 선제적으로 대응하고 전략적으로 문제를 해결할 수 있도록 지원합니다.

코딧은 에이티넘인베스트먼트와 프리미어파트너스로부터 투자를 유치하며, Scale up을 위해 Team building을 적극적으로 진행 중인 유망 스타트업입니다. 현재 국내외 다수의 엔터프라이즈 기업이 자사 솔루션을 활용하고 있으며, 빠르게 성장하는 여정에 함께할 최고의 팀원을 찾고 있습니다.



소개 동영상: https://youtu.be/xbBQoE8sm8E
언론 인터뷰: https://www.mk.co.kr/news/society/view/2021/05/511674/

- 업계 최초 법, 규제, 정책 모니터링 플랫폼 출시
- 업계 최고 관련 데이터(10억 건 이상) 보유
- 해외 매출 78% (글로벌 Enterprise 고객 보유)
- 국내외 대기업(Google, KB, SK, 삼성 등)의 프로그램 진행 및 협업 시스템 구축
- TIPS, IITP 등 국가 R&D 사업 수행 중
- 법무부, 과기부, 국무총리실, 문체부 자문 위원 및 협력 시스템 보유
- 글로벌 진출 역량을 가진 팀과 임원진



📑이런 일을 하게 되실 예정이에요

채용 프로세스 Full Cycle 운영 및 개선
채용 채널 운영 / 다양한 채널을 통한 채용 브랜딩
아웃바운드 채용 소싱
온보딩 프로세스 기획 및 운영
인사 제도 운영 및 개선
사내 행사 및 총무 업무 기획 및 운영


🔍이런 분을 찾고 있어요

스크리닝부터 최종 면접 및 온보딩 안내까지 전 과정의 운영에 관심이 있으신 분
내/외부 커뮤니케이션 역량이 뛰어나신 분
업무 습득력 및 업무 처리 속도가 빠르신 분


👍이런 분이면 더 좋아요

어려운 문제를 주도적으로 해결한 경험이 있거나 즐기시는 분
긍정적이고 능동적인 마인드를 보유하신 분
변하는 상황에 맞춰 다양한 업무를 경험하고 싶으신 분
성장하는 스타트업을 경험하고 싶으신 분


📌참고해 주세요

해당 포지션은 인턴 포지션이에요(6개월 / 협의 가능)
졸업자 및 2025 졸업 예정자만 가능해요
인턴 기간 종료 후 심사에 따라 정규직 전환도 가능해요


👋이렇게 합류해요

서류 전형 → 온라인 면접 → 대면 면접 → 최종합격
포지션에 따라 과제가 주어질 수 있습니다.
필요 시, 레퍼런스 체크가 진행될 수 있습니다.


✨이런 혜택과 복지를 드려요

🖥️ 업무 효율을 높이는 환경 제공 & 웰컴 키트 🖥️
최신 노트북, 듀얼 모니터 등 업무에 필요한 기기와 소프트웨어를 자유롭게 제공해요.
여의도 앵커원 빌딩에 위치한 사무실은 쾌적한 업무 환경을 제공합니다. (네이버 지도에서 보기)
다양한 크기의 회의실과 탕비실, 최고급 안마 의자가 마련되어 있어요.
건물 내에는 카페, 편의점, 식당가, 약국 등 각종 편의시설이 갖춰져 있습니다.


🤝 일하는 방식은 자율적으로, 수평적으로 🤝
직급 없이 서로를 “님”으로 부르며, 역할 중심의 유연한 협업을 지향합니다.
자유로운 복장으로 편하게 일하세요.
시간 단위로 휴가 사용 가능 – 꼭 하루가 아니어도 괜찮아요.
필요 시 연차를 미리 당겨 쓸 수 있어요. 연차촉진제를 운영하지 않기 때문에, 미사용 연차는 사라지지 않아요. 필요할 때 언제든 사용하거나, 원할 경우 수당으로 전환도 가능합니다.
또한, 1년 이상 근속한 분들께는 매년 근속 연차가 추가로 지급돼요. (예: 1년차 1일, 2년차 2일 …) 꾸준히 함께해 주신 만큼 충분한 휴식도 보장합니다.


🍱 몸과 마음을 챙기는 사내 식사 & 간식 지원 🍱
중식, 석식 제공은 물론, 다양한 간식과 커피도 무제한으로 제공됩니다.
원하는 음료나 간식은 구성원이 직접 선택할 수 있어요.


💰 정당한 보상과 투명한 제도 💰
야근 시 분 단위로 수당을 지급해요.
명절 및 생일에는 감사 및 축하의 마음을 담아 소정의 선물을 드려요. 


🌿 팀과 함께하는 리프레시 & 문화 프로그램 🌿 
상황에 따라 명절, 공휴일, 주요 행사 전후에는 재택 근무로 유연하게 일합니다.
저녁 회식 대신 점심 뷔페, 피크닉 등 부담 없는 문화 회식을 지향해요.
마니또, 사내 피크닉, 소규모 게임 등 팀의 사기를 북돋는 사내 이벤트도 수시로 열립니다. (참여자에게는 소정의 상품도 드려요! 🤫)

사람인 공고 상세요강 입니다. 사람인(주)의 허가 없이 무단 복사 및 게재를 금합니다."
28,AI 에이전트,UIUX 디자이너 인턴 (정규직 전환 가능),(주)코딧,서울 영등포구,경력무관,학력무관,인턴직,채용시,https://www.saramin.co.kr/zf_user/jobs/relay/view?view_type=search&rec_idx=48878261&location=ts&searchword=AI+%EC%97%90%EC%9D%B4%EC%A0%84%ED%8A%B8&searchType=search&paid_fl=n&search_uuid=12ebc0de-9d46-4ec4-9fe8-af922641719d,48878261,모바일디자인 UI/UX디자인 소프트웨어개발,2026-02-02 12:02:42,,,,,,,응용 소프트웨어 개발 및 공급업,"빠르게 성장하는 코딧에서 UIUX 디자인 인턴을 찾습니다

코딧(CODIT)은 AI와 빅데이터 기술로 방대한 양의 의안.법령.정책 정보를 분석, 기업에게 맞춤형 정보를 제공하는 플랫폼 기업입니다. 코딧의 서비스는 기업이 지속적인 규제.정책 변화에 선제적으로 대응하고 전략적으로 문제를 해결할 수 있도록 지원합니다.

코딧은 에이티넘인베스트먼트와 프리미어파트너스로부터 투자를 유치하며, Scale up을 위해 Team building을 적극적으로 진행 중인 유망 스타트업입니다. 현재 국내외 다수의 엔터프라이즈 기업이 자사 솔루션을 활용하고 있으며, 빠르게 성장하는 여정에 함께할 최고의 팀원을 찾고 있습니다.



소개 동영상: https://youtu.be/xbBQoE8sm8E
언론 인터뷰: https://www.mk.co.kr/news/society/view/2021/05/511674/

- 업계 최초 법, 규제, 정책 모니터링 플랫폼 출시
- 업계 최고 관련 데이터(10억 건 이상) 보유
- 해외 매출 78% (글로벌 Enterprise 고객 보유)
- 국내외 대기업(Google, KB, SK, 삼성 등)의 프로그램 진행 및 협업 시스템 구축
- TIPS, IITP 등 국가 R&D 사업 수행 중
- 법무부, 과기부, 국무총리실, 문체부 자문 위원 및 협력 시스템 보유
- 글로벌 진출 역량을 가진 팀과 임원진



📢코딧 UIUX 디자인팀은요

코딧 플랫폼의 UX 설계와 UI 디자인 작업을 합니다.
고객에게 제공되는 리포트와 보고서의 디자인 작업을 합니다.


📑이런 일을 하게 되실 예정이에요

코딧 사용자가 느끼는 경험을 최적화합니다.
UX 설계, UI 디자인, Prototype을 통해 고객에게 가치를 전달하는 모든 설계 과정을 리드합니다.
고객이 제품을 사용하면서 느끼는 불편한 점과 의견들을 정성, 정량적으로 수집하고 사용자의 니즈를 충족하는 제품이 될 때까지 개선을 반복합니다.
오너십을 가지고 비즈니스가 함께 성장할 수 있는지 고민하며 실행합니다.


🔍이런 분을 찾고 있어요

Figma, Framer와 같은 UI 디자인 툴을 통해 위계질서가 있고 완성도가 높은 App/Wep UI를 구성할 수 있는 분
복잡한 정보, 기술, 정책들을 이해하고 구조화된 UI, 일관된 UX를 설계한 경험이 있는 분
내가 원하는 것이 아닌, 고객이 필요한 것을 정량적 혹은 정성적 데이터를 기반으로 구체적으로 파악한 경험이 있는 분
다양한 직군의 사람들과 원활하게 커뮤니케이션할 수 있는 능력을 갖춘 분


👍이런 분이면 더 좋아요

기획자 및 개발자 등 IT 직군과 협업하여 프로덕트를 출시하거나 개선한 경험이 있는 분
고객 데이터를 기반으로 UX를 직접 설계하고 시장에 출시한 경험이 있는 분
디자인 시스템에 대한 이해가 있는 분
최고의 고객 경험을 달성하기 위해 집요하고 치열하게 고민해 출시한 후 성공한 경험이 있는 분


📌참고해 주세요

이력서와 포트폴리오는 필수예요
해당 포지션은 인턴 포지션이에요(6개월 / 협의 가능)
졸업자 및 2025 졸업 예정자만 가능해요
인턴 기간 종료 후 정규직 전환도 가능해요


👋이렇게 합류해요

서류 전형 → UIUX 과제 → 온라인 면접 → 대면 면접 → 최종합격


✨이런 혜택과 복지를 드려요

🖥️ 업무 효율을 높이는 환경 제공 & 웰컴 키트 🖥️
최신 노트북, 듀얼 모니터 등 업무에 필요한 기기와 소프트웨어를 자유롭게 제공해요.
여의도 앵커원 빌딩에 위치한 사무실은 쾌적한 업무 환경을 제공합니다. (네이버 지도에서 보기)
다양한 크기의 회의실과 탕비실, 최고급 안마 의자가 마련되어 있어요.
건물 내에는 카페, 편의점, 식당가, 약국 등 각종 편의시설이 갖춰져 있습니다.


🤝 일하는 방식은 자율적으로, 수평적으로 🤝
직급 없이 서로를 “님”으로 부르며, 역할 중심의 유연한 협업을 지향합니다.
자유로운 복장으로 편하게 일하세요.
시간 단위로 휴가 사용 가능 – 꼭 하루가 아니어도 괜찮아요.
필요 시 연차를 미리 당겨 쓸 수 있어요. 연차촉진제를 운영하지 않기 때문에, 미사용 연차는 사라지지 않아요. 필요할 때 언제든 사용하거나, 원할 경우 수당으로 전환도 가능합니다.
또한, 1년 이상 근속한 분들께는 매년 근속 연차가 추가로 지급돼요. (예: 1년차 1일, 2년차 2일 …) 꾸준히 함께해 주신 만큼 충분한 휴식도 보장합니다.

🍱 몸과 마음을 챙기는 사내 식사 & 간식 지원 🍱
중식, 석식 제공은 물론, 다양한 간식과 커피도 무제한으로 제공됩니다.
원하는 음료나 간식은 구성원이 직접 선택할 수 있어요.


💰 정당한 보상과 투명한 제도 💰
야근 시 분 단위로 수당을 지급해요.
명절 및 생일에는 감사 및 축하의 마음을 담아 소정의 선물을 드려요. 


🌿 팀과 함께하는 리프레시 & 문화 프로그램 🌿 
상황에 따라 명절, 공휴일, 주요 행사 전후에는 재택 근무로 유연하게 일합니다.
저녁 회식 대신 점심 뷔페, 피크닉 등 부담 없는 문화 회식을 지향해요.
마니또, 사내 피크닉, 소규모 게임 등 팀의 사기를 북돋는 사내 이벤트도 수시로 열립니다. (참여자에게는 소정의 상품도 드려요! 🤫)

사람인 공고 상세요강 입니다. 사람인(주)의 허가 없이 무단 복사 및 게재를 금합니다."
29,AI 에이전트,경영지원실 인턴 (정규직 전환 가능),(주)코딧,서울 영등포구,경력무관,학력무관,인턴직,채용시,https://www.saramin.co.kr/zf_user/jobs/relay/view?view_type=search&rec_idx=48594552&location=ts&searchword=AI+%EC%97%90%EC%9D%B4%EC%A0%84%ED%8A%B8&searchType=search&paid_fl=n&search_uuid=12ebc0de-9d46-4ec4-9fe8-af922641719d,48594552,총무 경영지원 세일즈프로모션 소프트웨어개발,2026-02-02 12:02:49,,,,,,,응용 소프트웨어 개발 및 공급업,"빠르게 성장하는 코딧에서 경영지원팀 인턴을 찾습니다

코딧(CODIT)은 AI와 빅데이터 기술로 방대한 양의 의안.법령.정책 정보를 분석, 기업에게 맞춤형 정보를 제공하는 플랫폼 기업입니다. 코딧의 서비스는 기업이 지속적인 규제.정책 변화에 선제적으로 대응하고 전략적으로 문제를 해결할 수 있도록 지원합니다.

코딧은 에이티넘인베스트먼트와 프리미어파트너스로부터 투자를 유치하며, Scale up을 위해 Team building을 적극적으로 진행 중인 유망 스타트업입니다. 현재 국내외 다수의 엔터프라이즈 기업이 자사 솔루션을 활용하고 있으며, 빠르게 성장하는 여정에 함께할 최고의 팀원을 찾고 있습니다.



소개 동영상: https://youtu.be/xbBQoE8sm8E
언론 인터뷰: https://www.mk.co.kr/news/society/view/2021/05/511674/

- 업계 최초 법, 규제, 정책 모니터링 플랫폼 출시
- 업계 최고 관련 데이터(10억 건 이상) 보유
- 해외 매출 78% (글로벌 Enterprise 고객 보유)
- 국내외 대기업(Google, KB, SK, 삼성 등)의 프로그램 진행 및 협업 시스템 구축
- TIPS, IITP 등 국가 R&D 사업 수행 중
- 법무부, 과기부, 국무총리실, 문체부 자문 위원 및 협력 시스템 보유
- 글로벌 진출 역량을 가진 팀과 임원진


📑이런 일을 하게 되실 예정이에요

<회계>
계약서 관리
법인카드 내역 정리
비용 지출 및 관리
세금계산서 및 인보이스 발행 및 관리 등

<총무>
회사 비품 관리
탕비실 및 사무 환경 관리
전화 응대
방문객 응대 및 행사 지원 등

<세일즈>
세일즈 관련 풀사이클 전반의 지원
고객사 등록 및 관리 관련 시스템 작업
영업 문서 정리 및 계약서 관리 보조
세일즈 활동 데이터 취합 및 보고 지원 등

👍이런 분이면 더 좋아요

업무를 꼼꼼하게 수행하시는 분
어려운 문제를 주도적으로 해결한 경험이 있거나 즐기시는 분
협업 마인드를 가지고, 적극적이고 열린 태도로 업무에 참여하실 수 있는 분
긍정적이고 능동적인 마인드를 보유하신 분
변하는 상황에 맞춰 다양한 업무를 경험하고 싶으신 분
성장하는 스타트업을 경험하고 싶으신 분


📌참고해 주세요

해당 포지션은 정규직 전환형 인턴 포지션이에요(6개월 / 협의 가능)
졸업자 및 2025 졸업 예정자만 가능해요
인턴 기간 종료 후 심사에 따라 정규직 전환도 가능해요


👋이렇게 합류해요

서류 전형 → 온라인 면접 → 대면 면접 → 최종합격
포지션에 따라 과제가 주어질 수 있습니다.
필요 시, 레퍼런스 체크가 진행될 수 있습니다.


✨이런 혜택과 복지를 드려요

🖥️ 업무 효율을 높이는 환경 제공 & 웰컴 키트 🖥️
최신 노트북, 듀얼 모니터 등 업무에 필요한 기기와 소프트웨어를 자유롭게 제공해요.
여의도 앵커원 빌딩에 위치한 사무실은 쾌적한 업무 환경을 제공합니다. (네이버 지도에서 보기)
다양한 크기의 회의실과 탕비실, 최고급 안마 의자가 마련되어 있어요.
건물 내에는 카페, 편의점, 식당가, 약국 등 각종 편의시설이 갖춰져 있습니다.


🤝 일하는 방식은 자율적으로, 수평적으로 🤝
직급 없이 서로를 “님”으로 부르며, 역할 중심의 유연한 협업을 지향합니다.
자유로운 복장으로 편하게 일하세요.
시간 단위로 휴가 사용 가능 – 꼭 하루가 아니어도 괜찮아요.
필요 시 연차를 미리 당겨 쓸 수 있어요. 연차촉진제를 운영하지 않기 때문에, 미사용 연차는 사라지지 않아요. 필요할 때 언제든 사용하거나, 원할 경우 수당으로 전환도 가능합니다.
또한, 1년 이상 근속한 분들께는 매년 근속 연차가 추가로 지급돼요. (예: 1년차 1일, 2년차 2일 …) 꾸준히 함께해 주신 만큼 충분한 휴식도 보장합니다.


🍱 몸과 마음을 챙기는 사내 식사 & 간식 지원 🍱
중식, 석식 제공은 물론, 다양한 간식과 커피도 무제한으로 제공됩니다.
원하는 음료나 간식은 구성원이 직접 선택할 수 있어요.


💰 정당한 보상과 투명한 제도 💰
야근 시 분 단위로 수당을 지급해요.
명절 및 생일에는 감사 및 축하의 마음을 담아 소정의 선물을 드려요. 


🌿 팀과 함께하는 리프레시 & 문화 프로그램 🌿 
상황에 따라 명절, 공휴일, 주요 행사 전후에는 재택 근무로 유연하게 일합니다.
저녁 회식 대신 점심 뷔페, 피크닉 등 부담 없는 문화 회식을 지향해요.
마니또, 사내 피크닉, 소규모 게임 등 팀의 사기를 북돋는 사내 이벤트도 수시로 열립니다. (참여자에게는 소정의 상품도 드려요! 🤫)

사람인 공고 상세요강 입니다. 사람인(주)의 허가 없이 무단 복사 및 게재를 금합니다."
30,AI 에이전트,CX 매니저 정규직 채용,(주)콜라보그라운드,서울 마포구,경력무관,학력무관,정규직,~ 02/20(금),https://www.saramin.co.kr/zf_user/jobs/relay/view?view_type=search&rec_idx=52630450&location=ts&searchword=AI+%EC%97%90%EC%9D%B4%EC%A0%84%ED%8A%B8&searchType=search&paid_fl=n&search_uuid=12ebc0de-9d46-4ec4-9fe8-af922641719d,52630450,상담원 인바운드 CS 소프트웨어개발,2026-02-02 12:02:56,,,,,,,,
31,AI 에이전트,글로벌 화장품 인허가(RA) Sr. 매니저,(주)더파운더즈,서울 강남구,경력 7~12년,초대졸↑,정규직,~ 02/18(수),https://www.saramin.co.kr/zf_user/jobs/relay/view?view_type=search&rec_idx=52874690&location=ts&searchword=AI+%EC%97%90%EC%9D%B4%EC%A0%84%ED%8A%B8&searchType=search&paid_fl=n&search_uuid=12ebc0de-9d46-4ec4-9fe8-af922641719d,52874690,총무 문서작성 사무행정 서류관리,2026-02-02 12:03:10,,,,,,면접 후 협의,https://thefounders.careers/,"글로벌 화장품 인허가 RA(Regulatory Affairs)
Sr. 매니저 (EU/UK)
프로덕트본부ㅣ RAㅣ 경력 7 ~ 12년ㅣ 정규직ㅣ 더파운더즈 본사 West(서관)ㅣ 채용 시 마감
Global No.1 Brand Builder!
고객 관점을 바탕으로 더파운더즈와 함께 밀도 있게 성장할 당신을 기다립니다.
해당 포지션을 이런 이유로 추천합니다.
● 글로벌 국가 (EU/UK/MEA)의 허가 프로젝트 직접 리드하며 RA 전문성 확장
● 규제 대응을 넘어 사업 성장 기회 발굴하며 비즈니스 파트너로 커리어 확장
● 해외 파트너·제조사·내부 부서와 협업하며 전략적 커뮤니케이션 및 리더십 역량 강화
하실 역할은 다음과 같습니다.
● 글로벌 화장품(EU/UK/MEA 등) 인허가 담당
● CPNP, Mocra, FDA, FTC 등 규제 모니터링 및 대응
● RP, Agent 계약 관리 및 제조사 커뮤니케이션
● 유통채널/국가별 성분 규제 검토 및 가이드라인에 따른 제품 관리
● 내부 RA 팀/크로스펑셔널 팀 협업 및 멘토링
이런 경험이 있으셔야 합니다.
● 화장품 인허가(RA) 업무 경력 7년 이상 보유하신 분
● 주니어 팀원 육성 경험 보유하신 분
● 해외 인증 경험 보유하신 분 (US FDA OTC, CPNP, PMDA 중 하나 이상 인증 경험 필수)
● 영어 비즈니스 커뮤니케이션 가능하신 분
이런 경험을 선호합니다.
● 글로벌 화장품 인허가 에이전시 경력을 보유하신 분
● 유관 전공 학위자 (생명/화학공학 등)
● 국내/외 코스메틱 마켓과 법률에 대한 관심 및 이해가 높으신 분
● 다양한 국가의 화장품 RA, 현지 보건당국 대응 경험을 보유하신 분
● 전사적 프로세스 관점에서 적극적인 문제해결 및 커뮤니케이션 능력이 있으신 분
이런 성향의 분이 잘 맞습니다.
● 단순한 문제 해결을 넘어, 규제 준수를 비즈니스 기회로 연결할 수 있는 실행력을 갖추신 분
● 빠르게 변화하는 글로벌 규제 환경 속에서 기민하게 대응하고 주도적으로 해결책을 찾으시는 분
● 복잡한 문제 속에서 답을 찾아내시는 분
채용 프로세스
● 채용 프로세스는 위와 같이 진행됩니다. 상황에 따라 변동되는 경우 개별 안내 드립니다.
● 글로벌 대면 커뮤니케이션이 주요 업무에 포함되는 경우 해당 언어가 포함된 인터뷰가 진행될 수 있습니다.
● 서류 전형 검토 결과에 따라 추가 자료를 요청 드릴 수 있습니다.
● 모든 채용은 수시채용으로, 합격자가 발생할 경우 공고가 조기마감될 수 있습니다.
● 채용 확정 후 3개월의 수습 기간이 있으며, 해당기간에는 급여 100%가 지급됩니다.
● 제출자료와 채용 프로세스 전반에서 허위사실이 발견될 경우 채용이 취소됩니다.
지원 방법
● 지원 : 각 공고의 지원하기 버튼으로 온라인 지원
● 지원 서류 : 이력서(자유 양식), 포트폴리오(선택)
    ㆍ외국인의 경우, 보유 비자를 함께 기재해주세요.
  ○ 용량 제한으로 업로드가 진행되지 않는 경우, 지원서 작성란에 구글 드라이브/노션 등 URL 형태로 업로드 부탁드립니다.
(공개 범위 확인 필수)
● 문의 : job@thefounders.kr
근무 조건 및 환경
● 근무 시간 : 월~금, 출근시간 선택제 운영
                  (9시/9시 반/10시 중 선택, 코어타임 10시~18시, 점심시간 13시~14시, 분기별 변경 가능)
● 급여 : 면접 후 협의
● 근무 장소 : The Founders West (본사 서관) - 서울시 강남구 테헤란로 521 (파르나스타워) 10층
  ○ 더 넓고 쾌적한 환경에서 업무에 집중하실 수 있도록 본사 오피스를 확장했습니다. (건물간 도보 5분 거리)
- The Founders West (본사 서관) : 서울시 강남구 테헤란로 521 (파르나스타워) 8층, 10층
- The Founders East (본사 동관) : 서울시 강남구 영동대로 502 (에이아이원빌딩) 2층, 3층
    성장에 더 몰입할 수 있도록 도움드리는 것들
앞으로 있을 더 많은 가능성을 약속드립니다.
  마음껏 배울 수 있게
역량 성장을 위한 도서와 강의를 예산 제한 없이 지원합니다.
  일할 '맛' 나게
활기찬 하루를 위한 아침 식사 제공, 다양한 간식, 커피, 영양제 등을 아낌없이 제공합니다.
  몸도 마음도 건강하게
연 1회 종합건강검진과 유급반차, 본인과 직계가족(반려동물)의 의료비, 심리상담, 팀원분들의 건강을 위한 운동비를 지원합니다.
  필요할 때 함께
생일 반차 및 생일 선물, 경조 휴가, 경조 물품, 가족 돌봄 휴가, 육아기 시차출퇴근제 등을 운영합니다.
  같이 성장할 수 있게
신규 입사자의 소프트랜딩을 위한 버디 제도, 브랜드 간 lesson&learn 쉐어링 세션, 다른 팀 팀원들과의 랜덤런치,
팀 연합 회식 등을 운영합니다.
  팀원을 위해 특별하게
신규 입사자를 위한 웰컴기프트 지급, 자사 제품 구매 시 임직원 혜택가를 제공합니다.
  연차 사용은 자유롭게
1시간 단위의 자유로운 연차 사용이 가능합니다.
  불가피한 야근에도 든든하게
야근 시 저녁 식대와 귀가 택시비가 지원됩니다.
더 자세한 사항은 아래 페이지를 참고 부탁드립니다
● 팀 소개
● 회사 소개
● 브랜드 소개
● 일하는 방식 소개
● 새 소식
더파운더즈 본사 West(서관)
대한민국 서울특별시 강남구 테헤란로 521 파르나스타워 8층, 10층

사람인 공고 상세요강 입니다. 사람인(주)의 허가 없이 무단 복사 및 게재를 금합니다."
32,AI 에이전트,[AI 헬스케어] 전략기획 실장 (CEO Staff Head) 채용,(주)바이오컴,서울 강서구,경력 4~8년,대졸↑,정규직·계약직,~ 02/16(월),https://www.saramin.co.kr/zf_user/jobs/relay/view?view_type=search&rec_idx=52849225&location=ts&searchword=AI+%EC%97%90%EC%9D%B4%EC%A0%84%ED%8A%B8&searchType=search&paid_fl=n&search_uuid=12ebc0de-9d46-4ec4-9fe8-af922641719d,52849225,IR/공시 B2B 사업기획 전략기획 경영컨설팅,2026-02-02 12:03:17,,,,,,,,
33,AI 에이전트,AI 연구 책임자 모집(과장~연구소장),(주)닷코,부산 금정구,경력3년↑,대졸↑,정규직,~ 03/22(일),https://www.saramin.co.kr/zf_user/jobs/relay/view?view_type=search&rec_idx=52909189&location=ts&searchword=AI+%EC%97%90%EC%9D%B4%EC%A0%84%ED%8A%B8&searchType=search&paid_fl=n&search_uuid=12ebc0de-9d46-4ec4-9fe8-af922641719d,52909189,AI(인공지능) 기술연구 정책연구 사업기획 SI·시스템통합,2026-02-02 12:03:26,,,,,"제조업과 [T클 연결하는 글로벌 플렉품 ""맛코"" 에서 미래륙 함께 만들어칼 당신올 기다립니다",,컴퓨터시스템 통합 자문 및 구축 서비스업,"사람인 공고 상세요강 입니다. 사람인(주)의 허가 없이 무단 복사 및 게재를 금합니다. 연구 소장 모집 경력 지원기간 : 1월 23일 2월 22일 무리늄 제조 공급망의 문제들 기술로 단순화하려 여기엔 벤한 대신 함기 실험하고 , 배우고 [회기 임스니다 '내가 만든 제품이 산업 현장든 논 성취들 경험하고 싶다면 '지금이 은 타이망입니다 다코(DATCO) 기반의 산업 특화 Saas 플렉품으로 전통적인 제조업의 디지털 전환율 주도하고 있습니다. (DATCO 지원기간 1월 23일 2월 22일 지원방법 사람인 온라인 접수 제출서루 : 이력서 자기스개 서 경력자는 경력 위주) 모집부문 주요업무 AlI기술 로드맵 수립: 프래 꿀 및 제조 공정 최적화글 위한 Al 기술 도입 전락 및 중장기 R8D 드맵 기획 Al 개발 전과정 관리: '데이터 수집 정제부터 모델 설계 , 학습, 배포 모니터랗에 이르는 파이프라인 총관 관리 제조 특화 슬루선 개발: Vision: 비전 검사 기반 품질 관리 제조 현장 안전 공정 모니터림 NLPIReasoning 비정형 발주서 해석, SCM 최적화 의사결정 지원 제조 지식 베이스 구추 Robotics: 제조 공정 자동화루 위한 로봇 제어 시물레이선 기술 연구 Saas 통합 (에이전트 개발: MES ERP, SCM 내에서 작동하는 제조 특화 Al 에이전트 핵심 알고리롬 개발 기술 조직 리딩: Al 연구 조직으 역량 강화 및 기술적 가이드라인 제시 자격요건 경력: Al 연구 개발 경력 10년 이상 (또는 이에 준하는 역량 보유자) 학력: 관련 분야(컴퓨터공학 로보틱스 산업공학 등) 석박사 학위 혹은 그에 준하는 실무 성과 기술 스택: Computer Vision NLP Reasoning Robotics 구개 이상의 분아에서 심도 연구 상용화 경험 PyTorch TensorFlow 덥러님 프레임위크 숙런도 LLM(대규모 언어 모델) 멀리모달(Multi-modal) 기술의 제조 현장 적용에 대한 이해 역량: 비즈니스 요구사항올 기술적 사양으로 정의하고 프로적트 전세들 매니장할 수 잇는 리더십 우대사항 제조업 도메인 지식 및 관련 프로적트 수행 경험 B2B Saas 플렉품 개발 운영 프로세스에 대한 이해 글로벌 서비스 런칭 경험 혹은 오른소스 프로직트 기여 경험 스타트업에서 초기 기술 조직올 빌딩하고 스레일업 (Scale-up)해본 경험 채용절차 서류 심사 1차 면접 2차 면접 최종 합격 #입사지원 서류에 허위사실이 발견월 경우 채용확점 이후라도 채용이 취소델 수 엎습니다. 복리후생 사내 스색바 운영(커피/간식) 급여와 별도로 점심 식대 지원 근속 연수에 따른 리프레시 유급 휴가 및 포상금 지급 생일 축하 선물 제공 2년에 한  정말 건강검진 지원 업무 관련 도서 지원비 월컵 키트 지급(m불러불편 다이어리회사 티서츠) 설 추석 선물 지급 여름휴가 유급 제공 희신적인 플렉품 비전 제조업과 [T의움합 점단 Al 기술 활용 플렉품 기반 학신 덧조 독창적인 플렉플으로 고객과 협력 최신 제조업이 [들 이프머 현시적이 통해 '사의 생산성과 표울성올 극대화합니다 스마트 슬루선올 제공합니다 지속 가능한 성장흘 주도합니다 성장 가능성 벤처 스타트업 설립 ] 년만에 2025년 3월 계열사 전체 매출 48억 계약 달성 본격 국내외 서비스런칭 150억 달성 계열사 미 ~DATCO Technology 성과 중심 보상 73%6 #rirsr; 8896 성과 기반 보상 개인의 성장과 회사의 성장 연결 투명한 평가와 보상 성과에 따라 보너스와 돕선들 지급하여 개인의 성과가 회사 성장의 명확하고 공정한 평가루 통해 '개인의 기여름 명확히 인정합니다 믿으 성고 투명하게 이름 기반으로 보상 체한 설계합니다 보상으로 연결합니다 문제 해결 능력과 성장 잠재력 보유한 인재틀 찾습니다 -제조업과 [T클 연결하는 글로벌 플렉품 ""맛코"" 에서 미래륙 함께 만들어칼 당신올 기다립니다 "
34,AI 에이전트,[대기업] AX 총괄 / CDO 임원급,프로페셔날핸즈인핸즈코리아(주),서울 강남구,경력15년↑,대졸↑,정규직,채용시,https://www.saramin.co.kr/zf_user/jobs/relay/view?view_type=search&rec_idx=52925491&location=ts&searchword=AI+%EC%97%90%EC%9D%B4%EC%A0%84%ED%8A%B8&searchType=search&paid_fl=n&search_uuid=12ebc0de-9d46-4ec4-9fe8-af922641719d,52925491,빅데이터 기술사업화 DX 헤드헌팅,2026-02-02 12:03:45,"당사 AI Transformation(AX)을 데이터 관점 총괄 최고 책임자, 그룹 데이터 전략 및 컨트롤 타워, 제품로봇텔레매틱스 데이터, 서비스AI정밀농업: 정밀농업, 스마트팜, AI 에이전트 데이터 모델 설계,, 공장제조품질 데이터 구축: MES, ERP, PLM, QMS 데이터 통합, 설계, 품질 Closed Loop 구축, 딜러고객 데이터 플랫폼: 글로벌 딜러 데이터 통합, 고객 라이프사이클 데이터 체계화, 데이터 거버넌스: 데이터 표준, 품질, 보안 정책 수립, 글로벌 데이터 규제 대응, 조직문화: 데이터 조직 설계 및 인재 육성, 데이터 기반 의사결정 문화 확산, 텔레매틱스 데이터, 클라우드 데이터 연계, 정밀농업: 정밀농업, 스마트팜, AI 에이전트 데이터 모델 설계,, 품질 데이터 구축: MES, ERP, PLM, QMS 데이터 통합, 설계–제조–품질 Closed Loop 구축, 고객 데이터 플랫폼: 글로벌 딜러 데이터 통합, 고객 라이프사이클 데이터 체계화","데이터 조직 리딩 경험 15년 이상, 제조/산업/로봇/플랫폼 산업 경험, 데이터 아키텍처 이해, AI 트렌드에 대한 이해, 경력 15년 이상, 대학교졸업(4년)이상",,26 16시 ~ 채용시,,면접 후 결정,경영 컨설팅업,"[대기업] AX 총괄 / CDO 임원급
[대기업] AX 총괄 / CDO 임원급 (0명)
📋 주요업무
- 당사 AI Transformation(AX)을 데이터 관점 총괄 최고 책임자
- 그룹 데이터 전략 및 컨트롤 타워
 : 전사데이터 전략 수립 및 Enterprise Data 컨트롤타워 구축
  데이터 자산, 흐름, 소유권 정의, 데이터 기반 의사결정 체계 확립
- 제품·로봇·텔레매틱스 데이터
 : 트랙터 및 농용 로봇 데이터 통합 및 표준화, 텔레매틱스·엣지·클라우드 데이터 연계
  예지정비 및 자율작업 고도화 지원
- 서비스·AI·정밀농업: 정밀농업, 스마트팜, AI 에이전트 데이터 모델 설계,
  AI 학습용 데이터 파이프라인 구축, 서비스 KPI와 데이터 연계
- 공장·제조·품질 데이터 구축: MES, ERP, PLM, QMS 데이터 통합, 설계–제조–품질 Closed Loop 구축
- 딜러·고객 데이터 플랫폼: 글로벌 딜러 데이터 통합, 고객 라이프사이클 데이터 체계화
- 데이터 거버넌스: 데이터 표준, 품질, 보안 정책 수립, 글로벌 데이터 규제 대응
- 조직문화: 데이터 조직 설계 및 인재 육성, 데이터 기반 의사결정 문화 확산
📋 자격요건
• 경력 15년 이상
• 대학교졸업(4년)이상
- 데이터 조직 리딩 경험 15년 이상
- 제조/산업/로봇/플랫폼 산업 경험
- 데이터 아키텍처 이해
- AI 트렌드에 대한 이해
🏠 근무조건
• 고용형태 : 정규직  
• 급여 : 면접 후 결정 
• 근무지 : 서울 강남구 봉은사로84길 9 메트릭스빌딩 
🚀 채용절차
접수기간 : 2026-01-26 16시 ~ 채용시
제출서류 : 사람인 온라인 이력서
접수방법 : 사람인 입사지원
전형절차 : 서류전형 → 1차면접 → 2차면접 → 최종합격
🛎️ 유의사항
• 입사지원 서류에 허위사실이 발견될 경우, 채용확정 이후라도 채용이 취소될 수 있습니다.

사람인 공고 상세요강 입니다. 사람인(주)의 허가 없이 무단 복사 및 게재를 금합니다. "
35,AI 에이전트,(주) 옴니크 코리아 백엔드 개발자 모집,주식회사 옴니크 코리아,서울 용산구,경력5년↑,학력무관,정규직,~ 02/11(수),https://www.saramin.co.kr/zf_user/jobs/relay/view?view_type=search&rec_idx=52736910&location=ts&searchword=AI+%EC%97%90%EC%9D%B4%EC%A0%84%ED%8A%B8&searchType=search&paid_fl=n&search_uuid=12ebc0de-9d46-4ec4-9fe8-af922641719d,52736910,백엔드/서버개발 웹개발 AI(인공지능) Python MySQL,2026-02-02 12:03:52,,,,,,,유통·무역·상사,사람인 공고 상세요강 입니다. 사람인(주)의 허가 없이 무단 복사 및 게재를 금합니다.
36,AI 에이전트,[코스닥상장기업] 연구소 / AI 산업자동화. 차부장급,(주)드림에이치알,서울 서초구,경력1년↑,석사↑,정규직,~ 02/21(토),https://www.saramin.co.kr/zf_user/jobs/relay/view?view_type=search&rec_idx=52897648&location=ts&searchword=AI+%EC%97%90%EC%9D%B4%EC%A0%84%ED%8A%B8&searchType=search&paid_fl=n&search_uuid=12ebc0de-9d46-4ec4-9fe8-af922641719d,52897648,AI(인공지능) AI(인공지능) R&D 딥러닝 머신러닝,2026-02-02 12:03:58,"AI 에이전트 설계 및 개발: 산업 현장에 최적화된 자율형 AI 에이전트 아키텍처 설계 및 구현, LLM & RAG 고도화: 기업 내부 데이터를 활용한 RAG(검색 증강 생성) 시스템 구축 및 LLM 파인튜닝, 개발 프로젝트 리딩(PL): AI 모델링부터 서비스 상용화까지의 전체 개발 프로세스 관리 및 코드 리뷰, R&D 전략 수립: 최신 AI 기술 트렌드(SCI급 논문 등) 분석 및 비즈니스 모델(PoC/Pilot) 적용, 기술 문서화 및 지식재산권 확보: 특허 출원 및 국책 과제 기술 보고서 작성, 관련 분야(컴퓨터공학, 데이터사이언스, 전기/전자 등) 석사 이상~(또는 박사 학위 소지자), AI 에이전트(Autonomous Agents) 및 RAG 시스템 실제 개발 경험, 딥러닝, 시계열 분석, 이상탐지, LLM 등 중 하나 이상 연구 경험, LLM 애플리케이션 개발 및 고도화 경험, Embedding 전략 수립 및 Vector DB 활용, LLM 파인튜닝, 성능 최적화(Performance/Cost/Latency 개선) 경험, 기업 내부 데이터를 활용한 보안 및 최적화된 RAG 구현 능력, 원활한 커뮤니케이션 가능하신 분, 영어 가능자(최신 논문 분석 및 글로벌 기술 협력 가능 수준), SCI(E)급 논문 게재 또는 주요 AI 학회(NeurIPS, ICML, CVPR, ACL 등) 발표 경험자, 정부 지원 사업(산업부, 과기부 등) 계획서 작성 및 기술 책임자(PI) 수행 경험, AI 기술 관련 특허 출원 및 등록 경험(발명자 등재), 제조/에너지 등 산업 도메인(Industrial AI) 프로젝트 경험, PoC에서 시작해 Pilot을 거쳐 실제 상용화(Production)까지 성공시킨 경험, 신규 서비스 런칭 및 운영 프로세스에 대한 깊은 이해도, 애자일 기반의 개발 팀 리딩 및 시니어급 엔지니어링 역량, 온톨로지 모델링(RDF/OWL) 및 Knowledge Graph 구축 경험","경력 1년 이상, 석사졸업이상",,"22 15시 ~ 2026, 21 24시, 이력서, 경력 중심의 자기소개서, 이메일 접수시 제목에 '연구소 / AI 산업자동화. 차부장급, 이중건 사장앞' 반드시 명시, 접수방법 : 사람인 온라인 지원 또는 담당자 이메일",,면접 후 결정,상용 인력 공급 및 인사관리 서비스업,"[코스닥상장기업] 연구소 / AI 산업자동화. 차부장급
AI 산업자동화 (0명)
📋 주요업무
[담당 업무]
- AI 에이전트 설계 및 개발: 산업 현장에 최적화된 자율형 AI 에이전트 아키텍처 설계 및 구현
- LLM & RAG 고도화: 기업 내부 데이터를 활용한 RAG(검색 증강 생성) 시스템 구축 및 LLM 파인튜닝
- 개발 프로젝트 리딩(PL): AI 모델링부터 서비스 상용화까지의 전체 개발 프로세스 관리 및 코드 리뷰
- R&D 전략 수립: 최신 AI 기술 트렌드(SCI급 논문 등) 분석 및 비즈니스 모델(PoC/Pilot) 적용
- 기술 문서화 및 지식재산권 확보: 특허 출원 및 국책 과제 기술 보고서 작성
 [자격 요건]
- 관련 분야(컴퓨터공학, 데이터사이언스, 전기/전자 등) 석사 이상~(또는 박사 학위 소지자)
- AI 에이전트(Autonomous Agents) 및 RAG 시스템 실제 개발 경험
- 딥러닝, 시계열 분석, 이상탐지, LLM 등 중 하나 이상 연구 경험
- LLM 애플리케이션 개발 및 고도화 경험
- Embedding 전략 수립 및 Vector DB 활용
- LLM 파인튜닝, 성능 최적화(Performance/Cost/Latency 개선) 경험
- 기업 내부 데이터를 활용한 보안 및 최적화된 RAG 구현 능력
- 원활한 커뮤니케이션 가능하신 분
- 영어 가능자(최신 논문 분석 및 글로벌 기술 협력 가능 수준)
 [우대 사항]
- SCI(E)급 논문 게재 또는 주요 AI 학회(NeurIPS, ICML, CVPR, ACL 등) 발표 경험자
- 정부 지원 사업(산업부, 과기부 등) 계획서 작성 및 기술 책임자(PI) 수행 경험
- AI 기술 관련 특허 출원 및 등록 경험(발명자 등재)
- 제조/에너지 등 산업 도메인(Industrial AI) 프로젝트 경험
- PoC에서 시작해 Pilot을 거쳐 실제 상용화(Production)까지 성공시킨 경험
- 신규 서비스 런칭 및 운영 프로세스에 대한 깊은 이해도
- 애자일 기반의 개발 팀 리딩 및 시니어급 엔지니어링 역량
- 온톨로지 모델링(RDF/OWL) 및 Knowledge Graph 구축 경험
 [전형절차]
서류전형 → 1차 면접(실무/기술) → 2차 면접(임원/경영진) → 최종합격
📋 자격요건
• 경력 1년 이상
• 석사졸업이상
🏠 근무조건
• 고용형태 : 정규직  
• 급여 : 면접 후 결정 
• 근무지 : 경기도 군포
🚀 채용절차
접수기간 : 2026-01-22 15시 ~ 2026-02-21 24시
제출서류
- 이력서, 경력 중심의 자기소개서
- 이메일 접수시 제목에 '연구소 / AI 산업자동화. 차부장급-이중건 사장앞' 반드시 명시
- 접수방법 : 사람인 온라인 지원 또는 담당자 이메일
 🛎️ 유의사항
• 입사지원 서류에 허위사실이 발견될 경우, 채용확정 이후라도 채용이 취소될 수 있습니다.

사람인 공고 상세요강 입니다. 사람인(주)의 허가 없이 무단 복사 및 게재를 금합니다. "
37,AI 에이전트,생성형 AI웹서비스 풀스택 개발_시니어,(주)큐팁,서울 금천구,경력 5~20년,학력무관,정규직,~ 03/03(화),https://www.saramin.co.kr/zf_user/jobs/relay/view?view_type=search&rec_idx=52965469&location=ts&searchword=AI+%EC%97%90%EC%9D%B4%EC%A0%84%ED%8A%B8&searchType=search&paid_fl=n&search_uuid=12ebc0de-9d46-4ec4-9fe8-af922641719d,52965469,백엔드/서버개발 AI(인공지능) 프론트엔드 아키텍쳐 풀스택,2026-02-02 12:04:07,웹 기반 SaaS 및 Electron 기반 PC 애플리케이션(AI 영상 플랫폼) 개발 및 유지보수 AI 영상 편집기의 프론트엔드 및 백엔드 시스템 전반의 설계 및 개발 자사 핵심 제품과 AI 에이전트 연동 아키텍처 설계 및 개발,"경력 5년 이상 ~ 20년 이하 5년 이상의 JavaScript/TypeScript 및 Python 기반 풀스택 개발 경험 복잡한 인터랙티브 웹 애플리케이션(비디오/이미지 편집기, Figma, Miro 등","Calling 시스템(LangChain, AutoGen 등) 연동 경험",* 전형절차 * 서류전형 → 1차면접 → 기술 테스트 → 최종합격 *,"장비 지원, 시차출퇴근제, 스톡옵션 부여 가능",,응용 소프트웨어 개발 및 공급업,"생성형 AI웹서비스 풀스택 개발_시니어
서비스 소개
우리는 많은 시간을 콘텐츠에 소비합니다.
콘텐츠는 우리 삶에 깊이 스며들어, 정보를 알리고 가치관을 공유하며
내일을 살아갈 힘을 얻는 근간이 되고 있습니다.

이 긍정적인 힘을 강화하기 위해, 큐팁은 새로운 AI 엔진을 만들어갑니다.
그리고 그 엔진의 핵심은 ‘문화’를 연결하는 힘.

언어와 지역의 경계를 넘어, 더 많은 사람들을 이어주는 
가장 창의적인 기술을 지향합니다.

이것이 바로 큐팁이 걸어가는 길입니다.

https://cutib.com/
이 포지션의 AI 예상 면접 질문이 궁금하다면 점핏에서 확인해보세요!
모집부문 / 상세내용
사용 기술
AI/인공지능 JavaScript TypeScript Python NoSql Tauri React Native FFMPEG RDB
주요업무
ㆍ웹 기반 SaaS 및 Electron 기반 PC 애플리케이션(AI 영상 플랫폼) 개발 및 유지보수
ㆍAI 영상 편집기의 프론트엔드 및 백엔드 시스템 전반의 설계 및 개발
ㆍ자사 핵심 제품과 AI 에이전트 연동 아키텍처 설계 및 개발
자격요건
ㆍ경력 5년 이상 ~ 20년 이하
ㆍ5년 이상의 JavaScript/TypeScript 및 Python 기반 풀스택 개발 경험
ㆍ복잡한 인터랙티브 웹 애플리케이션(비디오/이미지 편집기, Figma, Miro 등 우대) 개발 경험
ㆍ복잡한 백엔드 API 및 데이터베이스(RDB 또는 NoSQL) 설계/구축 경험
ㆍk8s 등 인프라 구축·관리 경험
ㆍ체계화된 아키텍처와 클린 코드를 지향하며, 주도적으로 개발 문화를 만들어갈 수 있는 분
우대사항
ㆍAdobe Premiere Pro/After Effects의 XML, EDL 포맷 또는 플러그인 개발 경험
ㆍElectron 또는 이와 유사한 데스크톱 앱 개발 프레임워크(Tauri, React Native) 경험
ㆍAI Agent 또는 LLM 기반 Tool-Calling 시스템(LangChain, AutoGen 등) 연동 경험
ㆍFFmpeg, WebAssembly(WASM) 등 비디오/오디오 코덱 및 스트리밍 기술에 대한 깊은 이해
ㆍ대규모 SaaS 프로덕트 또는 복잡한 AI 서비스의 아키텍처 설계 및 운영 경험
ㆍ인프라/네트워크 구축 및 관리 경험이 있으신 분
마감일 및 근무지
• 마감일 : 2026년 03월 03일
• 근무지
- 서울 구로구 경인로 661, 핀포인트타워 (강남권 이전 가능)
복지 및 혜택
장비 지원, 시차출퇴근제, 스톡옵션 부여 가능
채용절차 및 기타 지원 유의사항
* 전형절차 *
서류전형 → 1차면접 → 기술 테스트 → 최종합격 

* 유의사항 *
• 입사지원 서류에 허위사실이 발견될 경우, 채용확정 이후라도 채용이 취소될 수 있습니다.

사람인 공고 상세요강 입니다. 사람인(주)의 허가 없이 무단 복사 및 게재를 금합니다."
38,AI 에이전트,"[중견 자동차 그룹] 계열사-LLM 파인튜닝, RAG, LWM",반석써치(주),서울 강남구,경력3년↑,대졸↑,정규직,~ 02/08(일),https://www.saramin.co.kr/zf_user/jobs/relay/view?view_type=search&rec_idx=52913761&location=ts&searchword=AI+%EC%97%90%EC%9D%B4%EC%A0%84%ED%8A%B8&searchType=search&paid_fl=n&search_uuid=12ebc0de-9d46-4ec4-9fe8-af922641719d,52913761,AI(인공지능) AI(인공지능) 딥러닝 머신러닝 빅데이터,2026-02-02 12:04:15,"대규모 언어 모델 (LLM) 연구 개발 및 최적화, 검색 증강 생성 (RAG) 시스템 설계, 구축 및 관fl, 컴퓨터 과학, 인공지능, 자연어 처리 등 관련 실무 경험 소지자, 대규모 언어 모델 (LLM) 및 검색 증강 생성 (RAG) 분야 2년 이상 연구 개발 경력, Python, TensorFlow, PyTorch 등 딥러닝 프레임워크 활용 능숙, 자연어 처리, 기계 학습, 딥러닝 관련 탄탄한 이론적 지식 보유, 영어 논문 및 기술 문서 해독 및 활용 능숙, 컴퓨터 과학, 인공지능, 자연어 처리 등 관련 분야 석사/박사 학위 소지자, AI 기술기반 서비스 상용화 또는 운영 경험, 대규모 언어 모델 (GPT, Gemini, Claude, Llama 등) 활용 및 성능 최적화 경험, RAG 시스템 구축 및 운영 경험 (OpenAI API, LangChain/LlamaIndex, Haystack 등 활용 경험), 뛰어난 문제 해결 능력 및 분석적 사고 능력, 적극적이고 능동적인 자세와 뛰어난 커뮤니케이션 능력, [특정 산업 분야] LMM/RAG 응용 개발 경험 (해당되는 경우 명시), 근무지: 서울시 서초구","경력 3년 이상, 대학교졸업(4년)이상","컴퓨터 과학, 인공지능, 자연어 처리 등 관련 분야 석사/박사 학위 소지자, AI 기술기반 서비스 상용화 또는 운영 경험, 대규모 언어 모델 (GPT, Gemini, Claude, Llama 등) 활용 및 성능 최적화 경험, RAG 시스템 구축 및 운영 경험 (OpenAI API, LangChain/LlamaIndex, Haystack 등 활용 경험), 뛰어난 문제 해결 능력 및 분석적 사고 능력, 적극적이고 능동적인 자세와 뛰어난 커뮤니케이션 능력, [특정 산업 분야] LMM/RAG 응용 개발 경험 (해당되는 경우 명시)","24 08시 ~ 2026, 08 24시",,면접 후 결정,상품 종합 도매업,"[중견 자동차 그룹] 계열사-LLM 파인튜닝, RAG, LWM
 [중견 자동차 그룹] 계열사-LLM 파인튜닝, RAG
📋 주요업무
추천이유
#중견자동차그룹 #좋은처우 #AI전문기업 
 포지션 :  LLM 파인튜닝, RAG, LWM
 1. 담당업무
 - 대규모 언어 모델 (LLM) 연구 개발 및 최적화
최신 LLM 트렌드 및 기술 연구 분석을 통한 상용화 수준의 AI 에이전트 개발
LLM 모델 학습, 평가, 성능 개선 및 최적화 (학습 데이터 구축, 하이퍼파라미터 튜닝, 컨텍스트엔지니어링 등)
새로운 기술 및 방법론을 실제 서비스 및 제품 적용 방안 제시
관련 기술 분야의 문제점 발굴 및 혁신적인 해결 방안 제시
 - 검색 증강 생성 (RAG) 시스템 설계, 구축 및 관fl
RAG 시스템 아키텍처 설계 및 구현 (검색 모듈, 생성 모듈, 랭킹 모듈 통합 등)
고성능, 고효율 RAG 시스템 구축 및 운영 (데이터베이스 연동, API 개발, 성능 모니터링 및 개선 등)
RAG 시스템 기반 서비스 및 제품 개발 및 기술 지원
 2. 자격요건
- 컴퓨터 과학, 인공지능, 자연어 처리 등 관련 실무 경험 소지자
- 대규모 언어 모델 (LLM) 및 검색 증강 생성 (RAG) 분야 2년 이상 연구 개발 경력
- Python, TensorFlow, PyTorch 등 딥러닝 프레임워크 활용 능숙
- 자연어 처리, 기계 학습, 딥러닝 관련 탄탄한 이론적 지식 보유
- 영어 논문 및 기술 문서 해독 및 활용 능숙
 3. 우대사항
- 컴퓨터 과학, 인공지능, 자연어 처리 등 관련 분야 석사/박사 학위 소지자
- AI 기술기반 서비스 상용화 또는 운영 경험
- 대규모 언어 모델 (GPT, Gemini, Claude, Llama 등) 활용 및 성능 최적화 경험
- RAG 시스템 구축 및 운영 경험 (OpenAI API, LangChain/LlamaIndex, Haystack 등 활용 경험)
- 뛰어난 문제 해결 능력 및 분석적 사고 능력
- 적극적이고 능동적인 자세와 뛰어난 커뮤니케이션 능력
- [특정 산업 분야] LMM/RAG 응용 개발 경험 (해당되는 경우 명시)
  5. 연차
  - 3년 ~
  6.근무지: 서울시 서초구
  #반석써치 이사 #정재욱
010-4858-1905
edwardj@banseog.co.kr
#천리마인재소개소
 📋 자격요건
• 경력 3년 이상
• 대학교졸업(4년)이상
🏠 근무조건
• 고용형태 : 정규직  
• 급여 : 면접 후 결정 
• 근무지 : 서울 강남구 테헤란로64길 16-8, 4층 
🚀 채용절차
접수기간 : 2026-01-24 08시 ~ 2026-02-08 24시
제출서류 : 사람인 온라인 이력서
접수방법 : 사람인 입사지원
🛎️ 유의사항
• 입사지원 서류에 허위사실이 발견될 경우, 채용확정 이후라도 채용이 취소될 수 있습니다.
• 모집분야별로 마감일이 상이할 수 있으니 유의하시길 바랍니다.

사람인 공고 상세요강 입니다. 사람인(주)의 허가 없이 무단 복사 및 게재를 금합니다. "
39,AI 에이전트,AI 영상 자동화 SaaS 플랫폼 풀스택 개발자 모집,(주)와이디엠씨엔,경기 화성시,경력,학력무관,정규직·계약직,~ 02/26(목),https://www.saramin.co.kr/zf_user/jobs/relay/view?view_type=search&rec_idx=52935525&location=ts&searchword=AI+%EC%97%90%EC%9D%B4%EC%A0%84%ED%8A%B8&searchType=search&paid_fl=n&search_uuid=12ebc0de-9d46-4ec4-9fe8-af922641719d,52935525,엔터테인먼트 프로덕션,2026-02-02 12:04:33,"ready)합니다., End 개발: 기획 단계부터 아키텍처 설계, 풀스택 개발, 클라우드 배포까지 전 과정에 주도적으로 참여합니다., MVP 개발 및 조기 출시: 아이디어를 빠르게 프로토타입으로 구현하고,, AI 워크플로우 자동화: Google Veo, Grok, Kling 등 최신 영상 생성 AI 모델을 서비스 엔진에 연동하고 최적화합니다., End-to-End 개발: 기획 단계부터 아키텍처 설계, 풀스택 개발, 클라우드 배포까지 전 과정에 주도적으로 참여합니다.","stack 포지션: 기획을 빠르게 코드로 옮기고, 프론트와 백엔드 모두를 막힘없이 구축할 수 있는 분, Backend: FastAPI기반의 효율적인 API 서버 구축 및 비동기 처리 숙련자, Frontend:**React(TS/JS)**를 활용해 직관적이고 반응이 빠른 유저 인터페이스를 구현하실 분, 경력 (연수 무관), 실전형 Full-stack 포지션: 기획을 빠르게 코드로 옮기고, 프론트와 백엔드 모두를 막힘없이 구축할 수 있는 분, 핵심 기술 스택:, AI 모델 연동: OpenAI, Google Gemini/Veo, xAI(Grok) 등 다양한 생성형 AI API 연동 및 파이프라인 구축 경험, 인프라 및 배포: AWS, Supabase, Vercel 등을 활용해 서비스를 실제 환경에 즉시 배포하고 운영해 본 경험, DB 설계: SQL 기반의 효율적인 데이터 모델링 및 관리 능력을 갖추신 분","Minded: 단순히 코드를 짜는 것을 넘어, 실제 고객에게 제공될 서비스의 가치와 사용자 경험을 고민하시는 분, 속도 지향형 개발: 완벽한 설계를 고민하기보다, 빠르게 실행(MVP)하고 피드백을 통해 개선하는 방식을 즐기시는 분, Product-Minded: 단순히 코드를 짜는 것을 넘어, 실제 고객에게 제공될 서비스의 가치와 사용자 경험을 고민하시는 분, 자기 주도적 문제 해결: 기술적 난관 앞에서 Claude, Gemini 등 AI 에이전트를 도구로 활용해 최적의 해답을 찾아내시는 분, 유지보수 책임감: 빠른 개발 속도 속에서도 실제 배포 후의 안정성과 확장성을 놓치지 않는 분, AI 영상 제작 툴 활용 경험 및 유튜브 등 영상 플랫폼 생태계에 대한 이해도가 높으신 분, 소규모 프로젝트의 초기 멤버로 참여하여 서비스 런칭까지 성공시킨 경험이 있으신 분","27 14시 ~ 2026, 26 24시","리프레시 : 연차, 여름휴가, 반차, 공휴일 휴무, 급여제도 : 퇴직금, 연차수당, 4대 보험, 교육/생활 : 점심식사 제공, 저녁식사 제공, 간식 제공, 식비 지원, 음료제공(차,커피), 선물 : 명절선물/귀향비, 지원금/보험 : 헬스비 지급, 조직 문화 : 자유복장, 출퇴근 : 주차비지원","연봉 6,000 ~ 8,500만원",그 외 기타 분류 안된 교육기관,"AI 영상 자동화 SaaS 플랫폼 풀스택 개발자 (MVP 중심)
  📋 주요업무
• MVP 개발 및 조기 출시: 아이디어를 빠르게 프로토타입으로 구현하고,
  실제 고객이 사용할 수 있는 수준으로 배포(Production-ready)합니다.
• AI 워크플로우 자동화: Google Veo, Grok, Kling 등 최신 영상 생성 AI 모델을 서비스 엔진에 연동하고 최적화합니다.
• End-to-End 개발: 기획 단계부터 아키텍처 설계, 풀스택 개발, 클라우드 배포까지 전 과정에 주도적으로 참여합니다.
 📋 자격요건
• 경력 (연수 무관)
• 학력무관
• 실전형 Full-stack 포지션: 기획을 빠르게 코드로 옮기고, 프론트와 백엔드 모두를 막힘없이 구축할 수 있는 분
• 핵심 기술 스택:
    - Backend: FastAPI기반의 효율적인 API 서버 구축 및 비동기 처리 숙련자
    - Frontend:**React(TS/JS)**를 활용해 직관적이고 반응이 빠른 유저 인터페이스를 구현하실 분
• AI 모델 연동: OpenAI, Google Gemini/Veo, xAI(Grok) 등 다양한 생성형 AI API 연동 및 파이프라인 구축 경험
• 인프라 및 배포: AWS, Supabase, Vercel 등을 활용해 서비스를 실제 환경에 즉시 배포하고 운영해 본 경험
• DB 설계: SQL 기반의 효율적인 데이터 모델링 및 관리 능력을 갖추신 분
 📋 우대사항
• 속도 지향형 개발: 완벽한 설계를 고민하기보다, 빠르게 실행(MVP)하고 피드백을 통해 개선하는 방식을 즐기시는 분
• Product-Minded: 단순히 코드를 짜는 것을 넘어, 실제 고객에게 제공될 서비스의 가치와 사용자 경험을 고민하시는 분
• 자기 주도적 문제 해결: 기술적 난관 앞에서 Claude, Gemini 등 AI 에이전트를 도구로 활용해 최적의 해답을 찾아내시는 분
• 유지보수 책임감: 빠른 개발 속도 속에서도 실제 배포 후의 안정성과 확장성을 놓치지 않는 분
• AI 영상 제작 툴 활용 경험 및 유튜브 등 영상 플랫폼 생태계에 대한 이해도가 높으신 분
• 소규모 프로젝트의 초기 멤버로 참여하여 서비스 런칭까지 성공시킨 경험이 있으신 분
🏠 근무조건
• 고용형태 : 정규직, 계약직 3개월(정규직 전환 가능)
• 급여 : 연봉 6,000 ~ 8,500만원
• 근무지 : 경기 화성시 병점노을5로 20 
🎁 복지 및 혜택
• 리프레시 : 연차, 여름휴가, 반차, 공휴일 휴무
• 급여제도 : 퇴직금, 연차수당, 4대 보험
• 교육/생활 : 점심식사 제공, 저녁식사 제공, 간식 제공, 식비 지원, 음료제공(차,커피)
• 선물 : 명절선물/귀향비
• 지원금/보험 : 헬스비 지급
• 조직 문화 : 자유복장
• 출퇴근 : 주차비지원
🚀 채용절차
접수기간 : 2026-01-27 14시 ~ 2026-02-26 24시
제출서류 : 사람인 온라인 이력서
접수방법 : 사람인 입사지원
전형절차 : 서류전형 → 1차면접 → 최종합격 
🛎️ 유의사항
• 입사지원 서류에 허위사실이 발견될 경우, 채용확정 이후라도 채용이 취소될 수 있습니다.

사람인 공고 상세요강 입니다. 사람인(주)의 허가 없이 무단 복사 및 게재를 금합니다."
